-- MYSQL DUMP 10.13  DISTRIB 5.6.10, FOR WIN64 (X86_64)
--
-- HOST: LOCALHOST    DATABASE: EVOTING
-- ------------------------------------------------------
-- SERVER VERSION	5.6.10

/*!40101 SET @OLD_CHARACTER_SET_CLIENT=@@CHARACTER_SET_CLIENT */;
/*!40101 SET @OLD_CHARACTER_SET_RESULTS=@@CHARACTER_SET_RESULTS */;
/*!40101 SET @OLD_COLLATION_CONNECTION=@@COLLATION_CONNECTION */;
/*!40101 SET NAMES UTF8 */;
/*!40103 SET @OLD_TIME_ZONE=@@TIME_ZONE */;
/*!40103 SET TIME_ZONE='+00:00' */;
/*!40014 SET @OLD_UNIQUE_CHECKS=@@UNIQUE_CHECKS, UNIQUE_CHECKS=0 */;
/*!40014 SET @OLD_FOREIGN_KEY_CHECKS=@@FOREIGN_KEY_CHECKS, FOREIGN_KEY_CHECKS=0 */;
/*!40101 SET @OLD_SQL_MODE=@@SQL_MODE, SQL_MODE='NO_AUTO_VALUE_ON_ZERO' */;
/*!40111 SET @OLD_SQL_NOTES=@@SQL_NOTES, SQL_NOTES=0 */;

--
-- CURRENT DATABASE: `EVOTING`
--

CREATE DATABASE /*!32312 IF NOT EXISTS*/ `EVOTING` /*!40100 DEFAULT CHARACTER SET LATIN1 */;

USE `EVOTING`;

--
-- TABLE STRUCTURE FOR TABLE `BALLOT`
--

DROP TABLE IF EXISTS `BALLOT`;
/*!40101 SET @SAVED_CS_CLIENT     = @@CHARACTER_SET_CLIENT */;
/*!40101 SET CHARACTER_SET_CLIENT = UTF8 */;
CREATE TABLE `BALLOT` (
  `ID` BIGINT(20) NOT NULL AUTO_INCREMENT,
  `BALLOT` VARCHAR(512) DEFAULT NULL,
  `BC_BALLOT` VARCHAR(512) NOT NULL,
  `BC_BALLOT_KEY` VARCHAR(512) DEFAULT NULL,
  `BC_BALLOT_IV` VARCHAR(512) DEFAULT NULL,
  `ELECTION_ID` VARCHAR(20) DEFAULT NULL,
  `COUNTER_ID` VARCHAR(20) NOT NULL,
  `SUP_SIG` VARCHAR(512) NOT NULL,
  `ENTRY` INT(11) DEFAULT '0',
  PRIMARY KEY (`ID`)
) ENGINE=INNODB AUTO_INCREMENT=228 DEFAULT CHARSET=LATIN1;
/*!40101 SET CHARACTER_SET_CLIENT = @SAVED_CS_CLIENT */;

--
-- DUMPING DATA FOR TABLE `BALLOT`
--

LOCK TABLES `BALLOT` WRITE;
/*!40000 ALTER TABLE `BALLOT` DISABLE KEYS */;
INSERT INTO `BALLOT` VALUES (153,NULL,'Z59WUGDXFDQ5V/SGOTJRKA==\R\N',NULL,NULL,'1','COUNTER','IKAHFOVCL3UTQ9ZHDFFYRLBEZCJLR0NBGHRCCFRP70YEIPG3TBA693QXL2ULI9EMXD2L6RQ8EGEP\R\NVNRVB5RMLN33JYAQP6ZQI6ILYQKL40HTCWUFFPD9YISAXU2EULJMKGYKCCRB8AYYAI51IF1XUWG/\R\NTFCLKOIEVINCKZLHT6NOJH84OUK5OGJHYWXVTN+KMHIF9CWPMOV6AIBLCC5NSEU7DU/LLSWYPHXF\R\NG4RPK5XLUIGTL732BTSZWIDKVESGXK6KZXW6JR105V1JDMI4KD3PIVJEEXI4OBNASJNDQAS0F4+Z\R\ND4+SALYH0ZXIYNSKKZRCCHXV63VAYAY9+2BVJG==\R\N',50),(154,NULL,'D2OP4BO6KMUFTQ+TWHBDQQ==\R\N',NULL,NULL,'1','COUNTER','WXVBV2H3PIFGHQNKGMCSZTKZNH+LDWR4EN3GEIQTK20/N1DQYR8SVFMMMUBQQMZ27AL7EE6YMTY/\R\N7KOUPLNS+XDDOU16LYY3AAW/R61PSFHDWSQV8JM4ZMIUXUC3LXXNZOR9K08PDXMWQO+FO5JCV6ZC\R\NTYV0MMY/YLUH++Z0E4FCNRT/SJKYP9UV/SXTQZUGHK3RKQDDTGZDAILSFG8XBFXHTNH7W4N36NNR\R\NDU3VIYP98WG2LEOXC46G4LFLA2ZJNJ0E+VNOZPNW8DXWFN0AQLXWS19M7NZHKHB717GNFEISS3MB\R\NRU6ESD21L2FKSJMDH7TXYJNAOQIYDD3/4MPPTW==\R\N',51),(155,NULL,'X6KIHEVL5XKVHBT4OF3N1Q==\R\N',NULL,NULL,'2','COUNTER','ADHPQGRE62ORY3OBQGLVMPTWQINGUB/MFFIM8ICYJQ0NKTC8IR2K2F622EDWOPSUBZXVIXZ35DUM\R\NLIAQKZCQFU42JWKQJGSRUSM9S4/OYLD0OEWIH8WWHYEIU8XCOD+EBHX2UBS+CBOR9TLW6FVCLIKH\R\NYRZRY2WHCI8QG4LGFCM0DCI/UDV3L/2EBP6PF6CUSXA9DV3JYTD1LYV0JZMMO1DU7WVGCCCC+VN+\R\NEGLRIENCCY/FWODE3IXWO/GC67BRER+RN203XJG3U1EVNQXP7EZVAGCNAZIH4/2TJTG7KYFMKJEJ\R\NZK7ZDB7ADPD6MASTCYELAH4WUL6X5J4VJNERBA==\R\N',52),(156,NULL,'PQPXHSCJLAPWMAHNYN43CW==\R\N',NULL,NULL,'3','COUNTER','QTLM7I5NWIGXLLOYAU76K5W88DPT1KP0NT8XZFYVYMAUSCL7NPVWOFAIKTA15CXONYO5HPUA+1PL\R\N77SB6X+E9T7IPD53NS6BSR4SMZ9EMIVPXOVWMEXOXCM3CZJ5PLSORHZLR1KOAPLBAVXGEKUU2U0T\R\NZMGJJDAQIZY1JSRRH/93WEHCWRJGY6FMV/CPTPHZOLG5DFCU9PTUQ2K/HWXN8BIEUPAVIIKIINZN\R\NABL8A95X9K3JKVRIGLZ149I5VK5QFKDRSYAMJWRY7QX1R0RUQSE8IGHGVGDQ5XZLCKW4RKXXPEOF\R\NG2HEUFUJSBZ0TSF0J9PHW/IVXQ+GV6B5ZZ/RYW==\R\N',53),(157,NULL,'X6KIHEVL5XKVHBT4OF3N1Q==\R\N',NULL,NULL,'2','COUNTER','ADHPQGRE62ORY3OBQGLVMPTWQINGUB/MFFIM8ICYJQ0NKTC8IR2K2F622EDWOPSUBZXVIXZ35DUM\R\NLIAQKZCQFU42JWKQJGSRUSM9S4/OYLD0OEWIH8WWHYEIU8XCOD+EBHX2UBS+CBOR9TLW6FVCLIKH\R\NYRZRY2WHCI8QG4LGFCM0DCI/UDV3L/2EBP6PF6CUSXA9DV3JYTD1LYV0JZMMO1DU7WVGCCCC+VN+\R\NEGLRIENCCY/FWODE3IXWO/GC67BRER+RN203XJG3U1EVNQXP7EZVAGCNAZIH4/2TJTG7KYFMKJEJ\R\NZK7ZDB7ADPD6MASTCYELAH4WUL6X5J4VJNERBA==\R\N',52),(158,NULL,'X6KIHEVL5XKVHBT4OF3N1Q==\R\N',NULL,NULL,'2','COUNTER','ADHPQGRE62ORY3OBQGLVMPTWQINGUB/MFFIM8ICYJQ0NKTC8IR2K2F622EDWOPSUBZXVIXZ35DUM\R\NLIAQKZCQFU42JWKQJGSRUSM9S4/OYLD0OEWIH8WWHYEIU8XCOD+EBHX2UBS+CBOR9TLW6FVCLIKH\R\NYRZRY2WHCI8QG4LGFCM0DCI/UDV3L/2EBP6PF6CUSXA9DV3JYTD1LYV0JZMMO1DU7WVGCCCC+VN+\R\NEGLRIENCCY/FWODE3IXWO/GC67BRER+RN203XJG3U1EVNQXP7EZVAGCNAZIH4/2TJTG7KYFMKJEJ\R\NZK7ZDB7ADPD6MASTCYELAH4WUL6X5J4VJNERBA==\R\N',52),(159,NULL,'QWGWTQVPLAYWWKLYUKIY+W==\R\N',NULL,NULL,'6','COUNTER','DEJB5FO1IL2YNJBPRWEBIDQHCJ27LNP0N6IDFUYNRQXROKHDLRAZG8BYDNMYYYJORW43DGJZRWFE\R\NF2+W+BBPZPPKO/XFMTDR+YHTEI8YLCHURE+5VFOR3C36GJEHU2SJ2S/YI+NFMZANAGA3XQA3XCDI\R\N1XSIOQXTRFXDY/M8EZ0HQDXGNKWUZFXVLYKPT/HY5XC86SQZEXX0W2/BSLASCUE9YHQMSMFTRCQL\R\N+OZEYP1RRMBNH3FXYFI5RFT6WDHYWUIR5+OZTP8SRH70NM+B3A3OYKJAJDMS15IGJRILUFDR9POE\R\NFW8/LGLMKSUCIUAXEVO7QWGPIWV3SI9MYYZDKW==\R\N',54),(160,NULL,'1Z7APKYCNTJCEV7NY9JTXA==\R\N',NULL,NULL,'1','COUNTER','X2SRTX884DBSLYE3MH/EIXRC+J+CCOVEIVFDOGRHI33QIPMQTTUITWGMKMQHJCVB7COTLFEEV8+B\R\NPJUVTO9NMJ/H4RLFFKSF+A8PU4N17BLVODPW4CPBICYQ3WBGFVRNAZFU3IJ9PKG8MHJWDO6MXVQ6\R\NQ8GQ7GDNQSN6BHYTGKFZVTRA+/U6T7/GHU404UPY19WF+I4N7N9HEAF78Y5AXXM5B+QWDUQGLWVB\R\NLLNNPBDDU0BHOZD6JKOYNQPUT6CJK8MQJ8UMNBPU5QXLWWSHHROSYL0YDH+X+KZIS1KO3PAMLIDH\R\NRJWRVBSU74UAK2P8VRFE6PEMIEFHWDU0NGPKXW==\R\N',55),(161,NULL,'ISRLPY8CKRY0HVDKHSCZ0Q==\R\N',NULL,NULL,'1','COUNTER','YJTCLENBNYNZ4UUD/23KPX7FB8YQFRTLP/RT18EKT1Q4GD5IACPQAAZWO2X0ZZSXIDWQ+PJWYZFE\R\NSTCN8F2MOIT8DGFXAPFD7+QE/7OISAKBLFSLTYBM8VOMPUWLQCFOM3C0QSZBEAW7TWJFDJJP6AZV\R\NSUCAAPNPY7Y3+B3NGTX8L2ATMYS9WTZGVYELYOKH87YMZO76LCT1ILQCMWTYRZB2PJUEWLBWJWYH\R\NQQ30PZCKB4+/INBJU2GPIPEAVNPUYRG0XJZ+XDHSFHO5/J2VJDFLNDZFDA8ZGSPJRFUH4BY2FREA\R\NBN/3AV52SSVP93VZWFB3S4XIP7JZJNKEER94AA==\R\N',58),(162,NULL,'+HXO8M+KRONMKYQY937SRA==\R\N',NULL,NULL,'1','COUNTER','TE3NW32IO+K7ULO7HELN8JRR6E/YD7DFJ+IXIBIATUBE1Y9/NSTYUAFNDCTERGQNJSUQBKGHY2L/\R\N26ETW2BVZYWEP1GZOSHFG0YK6NMLVIUJTZV/YPO4W63NPX5OAMVKPBMCRACI0EMNGYWYWBQ6R2VV\R\N9EMDB8JOE4XISNVQNCVRFD9GRV/HKQ/E4IE7CA5D+E/WEEALOXM59MU0DMAD7XZKGT1MIHR0QQR5\R\NFQFEBESUGUPK/RLT8ENMIVQPRPVPH+3FD2KBIL3R6M7W7JGB1PUAAHFAZUQ6VVZGBR5KLEDQXOCZ\R\NZSIE+/L0H/FQTMV/UYOLBXOWJ15ZZEDJ+DUDIQ==\R\N',60),(163,NULL,'/SBYSYXWCOH0CDC+BL5EFG==\R\N',NULL,NULL,'6','COUNTER','T7S0SXEAJTNCPSMNLUDM0S07OD35DUY5B8E/06DOKZZUDWOHXMTQ3U2GWPCH1VSIJ50DVDXOGIJA\R\NYRIRJLWXZLKANIRAPCQAJQWFQR2QGQAJUCG8AZS5RNOXAIVSNANXMYV31APCTWUXN2IXI8X6VUZN\R\NXIE6M9T4I7UO9Y62S/XLCDGZ1QQ4QVNUUYMFQQCRPNIVFR5+IBEBQT9ZJNRV//VT9ZAA+PTIPNKH\R\NOVNF9LOGIVLIMGYWSDAMTYRDWSAMDE1DEV8FKSHTL9JX56ZKLIR45TZ8VWZE39BHB32L1RCYXHHA\R\NJZFNBDEJTS3L/USHDDJYRUH69/0KEI3SO3XPFA==\R\N',61),(164,NULL,'LJVLO2PVPVPX8ZULOVCIGG==\R\N',NULL,NULL,'7','COUNTER','ITSDWWPDFKG2+YFIJS635MLWB40OEQZL0PLGJCOWNOR0SF2VLCS7XHQVQXIPOHHMXATK4R32INBE\R\NJ4SIJCB2VFNEOQTCXDKCIRM+WSVVFANIP6ULVUQBPW/5BPWIT3I6OHZO9H9SK1SVNVLRCF0ZEKFY\R\NUF4HGCIAZAYIE9BU5HMYMI8T7IOZN8YOR5SDFGIX+KMEE6G7TEIKIRYKT83D7K1+SRUD66RCWSGN\R\NC265KIG6ASVJ6JENYZ3PTQR/OBLHPVZRM7TLNUCJCMRKBPS42LFN0N5Q8X2ZWVD8YAESWMC9PPJM\R\N40KHTWCC7Z2/B9X/7P8UCDIXWTS9CN88DPZ0MQ==\R\N',65),(165,NULL,'LF5/XWND/XOB5VIY19OPKW==\R\N',NULL,NULL,'1','COUNTER','JPH1EWXJPAN4SUVVOK9IRKODAYGS9FIGL22BOBKTCKNYFIYWHT9GGGIPZ/1HWYVKLQSOZSAKPHJR\R\NHODJ3H5RO/LRDQN5PDBKAAU1XGPQCVRAXCLIBCEN47LQPFVIK6HFBNDEAOZAKXOMEKDDCBYZ7CRV\R\NZ21OKPY4FUQVCEMQMRANMWFYEPIIBRLW1IIV4OUJJPGKVAU+SBN9PQRL1UMTPZJOUABFAT7CC8T0\R\NZFUQHYCP2YLMEC6CZOKS6PVEUDQL//E30RF8Q9I1FKZSTGP9XC3P7Q65JOJ+FHRXM+OFGPQOU7TW\R\NCBK8IBTKZICQYNGYVEUR7CUQKG4WII6IKTKXOG==\R\N',64),(166,NULL,'2ZRJJPT/LWTWUSVN/TWZFA==\R\N',NULL,NULL,'1','COUNTER','GP24MFDIXI6N+PLTVJOBRS2UTXBIX/FJ0/UIG4IEI9AKNUQGMQJFIBOCKEPDRZ6USB0TAPYIBADV\R\NGCGWNRSSYCEYZTGOJFI8WYVOBVVRSAWNVPQXKC5KSWSOFTXFAEJPI4/KFYDJ8VKDSSQZZP4CCTBJ\R\N+3R8AZCYHPFF4JLF2ATBMLSWKKN1BKDVOF9JJ3TRAR/IURSEEB7NDINZEDDVXUQX5SHFKNN0PZYC\R\N64ZIIRS8ICANE8JTR50PMDHBB5NZOC5U+ATQSMSFRIVAEAAJ4YHKGUHKF4RKALO1GW9PQULDTXTK\R\NP2GKCI3H6ZKZ617KFVCTY3T8/BDTXDGNADJ0GW==\R\N',66),(167,NULL,'SK2I0FF5NYMOEPYQQFXS2W==\R\N',NULL,NULL,'2','COUNTER','OYKKGS/VQNE00TVWD0EFTX7RTK9RE4A+CE8OU4RD76WVWVLFHF0UO/LWOKSCK0FN2XCQHG9PXKWO\R\N7SO9VJ/GFHSCAAAMO53WHBRIVMDJUJWE+/T87X4VAFYWW4XBR6AEPXNGA+NTYT6HQD4OBEIKTFGZ\R\NYDYO7RWQPY9JTTJWZUMHTBKCG7H2IPUI/FZ4R2DKQOVD8ZJVZB0G+E3KPR2DBUR76JQTZSDVKSR7\R\NGWAKEI/LKWVNNISNSF2CFQ9RREVBYLDV8Q4IONAUGZZA+LGRXZPWT/5I1YZSS+3I8FWZOWY0ZIN8\R\NF8LK0X1DB6HFDGQMISQBI1LCS0ANDBCD4S77CQ==\R\N',56),(168,NULL,'H5+DVYFDERZJF6DCU+LIGW==\R\N',NULL,NULL,'2','COUNTER','BQEUHW6E9S6F0DKAKF4IZF6UXNESMWLAEJZBQMDQKR0HUJPGPURQQEWADR2BIYFH8BZ/NOJDFVM7\R\N0FWBNOATFLJOTZVURZOO8U1PGFEMXR3WBSFZ/GROV2+E4DAZEF3/KJBHKZIDLJNZLJRGBEYZCKKP\R\N7XPC+OFY5M43B/MHCBFATYSCKTZULB9XUHALAAT5IW/DV/WBGN7RZUURUTUS2W5+YEWNTODAL0DL\R\NG0A/3CZZZK5UXN+XP1RDYYFQW/BUYW3NGU1FJYIUNTQAPEVVUBBUHA4UW1H3LGS38ZGUWEBYROAD\R\N6VQARY46HQ9OPVFJHKOKXMAPTWYBBIFUDI4SMA==\R\N',59),(169,NULL,'OD7JQEMHG4JR1/AVVSLNQQ==\R\N',NULL,NULL,'2','COUNTER','DJNAVDCY0I584WKVBGOSO7JCKPGIIUWZYH69LEDTPYXWYJEE39SUVQNVY3FNQAJEESA7S0VUPRCT\R\NL+XMC8IJVUY7RJBXWMZSCNCO5LPXCUYVSLYMO1DCCYIOPVD2W/FK/EWL9OEYPDVQ8W0DFBHXMJCX\R\NFRJIKBMU4Q4LQ7S5F532LSLVNDPDM1PQOHY0JQLGXOCGWJZ5ZKQNY0T8RW/C2UUZFBT/PQCYXFY4\R\NA5YQPRXBI9WLYDSTWLCDPRCVAXMBPVOK+KPP2RJF7SDMKWJK2KHJ7ZRK1IMUFGA0JZM1NVM3S9DG\R\NBJWAP7HLH18MTZAXENQ9VDKFYVS6QN9A/DRDHG==\R\N',62),(170,NULL,'WP5S45CQHDGV0O4GIAYCXW==\R\N',NULL,NULL,'2','COUNTER','NVXYGYEXYYY6GLZZEGVCLDIBIYKBFD7V74+0VHKIQJQH/FKQSV6WPSW6XDL9BIOEJAKNSCMPCJ9E\R\NHM5NB9FCLU7MQGG9OYDC3OFLGKSWRQDI/NJYHI08UZJYDG958T5GDIONPMSNHZE5KUJRWD+TPG2O\R\NHEXUX0BDE/REKQ3GM7CCYHNXL0K5G54EQBGKLEJJL9EKZGREM1FQRNMU9UX1MD/TYQQ70HT1I6MH\R\NYUT8HLD14KIIGIXOSIBH2GBNZVXND7AUBR19EPFJTKWXGMI4DASEADXJCYPVEFRTBBGFJ/SFY9Z1\R\NEVP2XNN2ZTMS9NNR1DFMDPN66U+Y7BG9J1CXIA==\R\N',63),(171,'MIW1\R\N','M93LKY9RFZV5CB5J5YYQTG==\R\N','LVDO+UXB9EVKOBYANULLIA==\R\N','4VNOV2S7SHD+KGSVOKEUDG==\R\N','2','COUNTER','B1/JSA5VSJXDQYWW1N6DNZOSF9QLFT/YZJKOBSV69MP9CXR1H7XXPZQF3VBAQIHXRZBWKCVTYZJX\R\NVR25POFPWQD/BMWONJD//QSKYNRGTVUGIKM4UDF+ZRJGKJH/SDD0AWFPCKI/4H5UB9VCOHPDABQI\R\NXL+N6QKDTFUFGDTPSNUBF7BTWYCE4LULFXWISDYSBVXBPMR+JH+UPEA++TGPUT6WOALW2N+MSUYV\R\NEKLMMKUXWQSHRGJ9RF2P+V8AKWHXIE6SPH/OFBVRQKABSBW5TH2RUKYYRNTCAYTHRQ9TUXVAW07W\R\NQNYBXUQ7H9HIEGHKA+32QPFEY9P+6RJG7RKECW==\R\N',67),(172,NULL,'IG+4N2AQ6B/FDK5DCNYY4W==\R\N',NULL,NULL,'1','COUNTER','RQTODLEKCNTUAYKTX+KGGXQZN3MQ35VMXIP5BUTBSZ/SK2DG7K/BNGGC5NZPYYLOTTSEIGDQTPGF\R\NRHBYZRUWYFNY6X/A+DP6JN4BEGNJX2LL/JHD7JOXY7+IOUPHG/VJT1G+HXKKYFBH742CALFPABZ/\R\N34BJ1PA6CBT1HHYCOQJ3A9OLEVOL9UUU5TP1R53M+RRBMMGDCKHLJP4CP1AEPIJKMQSZK0UZWGQ5\R\NMKC3Q/IBS3AIDF2INCMG5JJZI/CDHDZEA7RF4TEDPGGSVH7TDJJW4JHYWVNE7PLODMR1SUQ9D3IY\R\NJY9IEL7J1DRUE0XLON+PWSGMP2QVMDAB7+TXNG==\R\N',4),(173,NULL,'YWVCRSHGOZ7XX9J8XJ54GA==\R\N',NULL,NULL,'1','COUNTER','FDWK/NSE+3EMAHUTRDAQNE0L+FWJ+RVMYS5PD824GHSTYUBIWW4WZXZZFO5N/BFJJJ9FVP0TZCHX\R\NPX5I1BRZWO0DDZ6TNNLV2IG0GRB9RIJIKCHXPNP0W5FYWYNBRVZFOYWHJPCXKQ7UNM1XGCRJUS95\R\NVOTHUUAETJNXIJKEOF00U8L5CZRK5OEGNEEBMOL1Q9Y2BBEFWA7IUMNPZIG/D3YA1MCRF0LKZNUB\R\NBOXKEGTDI/A04RARK8GFSMPZTUXOZEPYYLOHH+IPPFPR18JM1MSR8VYRFYNZ/ZKX56BFQVQSDQ8J\R\NMV8VXEQIVU0WJE9MTUSGIB3EDPQDTOB9VG6JJA==\R\N',5),(174,NULL,'RLSVH6DB0FZ9ITXCIWL90W==\R\N',NULL,NULL,'1','COUNTER','DAH7X0QS5KKH/QQPAJADGQT9YD2TBZHA2/FVFEOIIYJT4AJMW529QU8ZQWNDPFZUBZIBXGGKFGYH\R\NHV6/PNVVNX2XQAVUV1L8UGONJZABIRASKO4BWQGPNXLICXQIVBECAOKK+0PFI8D/4IOCF8ZUUDOS\R\NWQNDQNS6C8PAOCAHR/0TVROFOJZDCTTGR2/AFT2AR/OKKPXKACYMKJHULDWJNSUZBKPLICBVHBQN\R\NRNFUEZUSOKHOMZXD/GQ06NZ1F7TFK/ZS7I2B7+NTTDH1DW5HT11B7BWSHI1J9NQNXS9X+PY+ZAPV\R\N9KYMOJ4PI7OLM99G/O2QNAYT0PACHS3Y7GKPWG==\R\N',6),(175,NULL,'EIDJXEHF/YE6RDWGMZI7MW==\R\N',NULL,NULL,'1','COUNTER','YK//HQ4C5DXISFIF96O/QJDGKEMEIBWBDQBX5HZC/LQ/CVDLCWIUT7H8P6THIXDHDATHKPWBVUFO\R\N+Y4DM8TCCHAHPCCXDTNW0/GSGCHYJXTGF42QGPNJZTF/YR4ZZ3/E+4H1IWBOARNGVLYAXVJMVEPP\R\NE0+WPIZTTHWFGLMAPSXWTIX9+OZ7+IBPLKL2QTBULN8AXGOAM67TKRTYLKJLZYUK9UN5ORM4OFXF\R\NICFV1FBEEP+PWSMEMZ6JLNMYDE9CC63NF2L9BCN5/FSND2KZGVHZNMVE28KGG427/1PK9I0+IAC4\R\NMMZFKFWRNPO+Z+ONVNVLPQRVMMEUYNJAFCZU1W==\R\N',7),(176,NULL,'F/OZBFJ9RDBDZVRTY3DE6W==\R\N',NULL,NULL,'1','COUNTER','QGRBYS20MK6C1GJZ0BIEN/VQLLCQ6QXXRGKQBAW9YUPUHYRM8CWYUXEOQUOHUWRLVUQ0VJG6XQ49\R\NXD8PE26GIRDTCMGU8NTUSO/URGJLUFM6E4SW7HG3AAUDNK33/VEVD80YTO3QK3J0UXKIMPBULYUV\R\NQCA1HV2KHGRUKXMSSTJBXMMW1DFIXVGWNEUX3ONLGO1GJJVGQY5EKNKY+OG1NKW7P4SRPPS55WS2\R\NWQZ5D/0YVRRRSWLIRL6GB2LGCJOBI06IZFYXDKBZOY4FEPTTNCWTC5A8KKODWO4BJED65FPFACEB\R\NABG2KMCTKLGIZ1CTRK5MUHKFOLIQTXZQJIDMCQ==\R\N',8),(177,NULL,'AYTLTYZKAGDQQUUV13TBPW==\R\N',NULL,NULL,'1','COUNTER','SBPPJJXZK/9YCOJVXVVGFR+TCD5HFVZLZGVJHVZZDGFKCJVRGVAAWPE+4O3LMKE1CBKU+AX42J4A\R\NGBNMVGOPEZ8SS+WVYTCUQJ62KMTLJ99WF2IBZSNRLI9C3VSB6KAEKORDNUSNYJATBAXUGF/IOA4W\R\NO9CQDFFY2YEFBZC2BNNY008WBLPVUU0FXY21HAOVREPHGL0EFMMKIIYHKQPLWCRSK5POCWGDJK1M\R\N5JVNG8H14JH/WT00B1EIIJE5XWSBPM/FOPZALU9X/PG/MVKNFWA0ZEHZNLTZCSFRA8DAVWZFCNGQ\R\NWU8IHYQAYI8UJM/TE9ZNOOEKIYPGNR0V3GJJCA==\R\N',9),(178,NULL,'CKSTLO8JVSGDEWML+4V6VG==\R\N',NULL,NULL,'1','COUNTER','PYGFEMWGI4HIX2N2Y5+UZJ+FRNPJ5SCB14CQMG/LPHHQDQRW+U5K8UD8MTTMHI3L4YXTC4+YXZ2H\R\NGY+AZRHMBD/3251EZ7LZOHQHYAZ8ZOICARFXUANJ6KDOY/OJ1HUZYJX2RKBSB93XYXFK/TC5644H\R\NVPYQPJRO3VOYKSFA2DAAG45G9J5GLMKNVZ3XBVDR0ISGQ+RYPQMPMJHFJESJB7U/SP+RLLUJ/60L\R\NLW1GPSIY2PVMR4VU7N1TGXRLZTGOH98+LBOI6CWES/UIUQYO3S2RJFE8NSJVT8YLT90MZPEZJAHT\R\NTMSEB6VWGPFNHBO/BV1DX5CY7VPRP4JV5RFYCW==\R\N',10),(179,NULL,'G/BQ6FIKVZOA6RJZGCMUQG==\R\N',NULL,NULL,'1','COUNTER','E8KVVZLKWJSLCRCFOSHXDSGCMSP4JQVFASB9FHNCXC0HBUYGD/CTUKVJRCLCCL9APUCCV4ETZCHK\R\NINZWMF8WAQ8S7UN+BEIVGG8M+TD8GHENILCYL+XBEDUYAG+Z1OVBPXNQSCZDPOPYHGBIUBDXTCRW\R\N4RXTYWIUWVXLZU2OFBNOMNPP7W+FTJ/DUGNCNUGAJ49HGCHDQXO+ROOT0FXUATIWUOYYNKD52I40\R\NG7MDUOL59TXDHOSKD4JAOXX+YP9RSHG8AC1NGYR080NEKZ3NSNYK1WBJWSB614TFRJUGGARYPBNW\R\N0X3/VIYDYWQSWOJKJVZUQJMGI1ZFBKIORZ0RRG==\R\N',11),(180,NULL,'YFWTQRUWA8AS2IUFHR/KCW==\R\N',NULL,NULL,'1','COUNTER','SQ1KWSRRLYSEWMSR8PW8XT1DIJN1AHCZAFLGFDSMC3HCUPFI63FCSCM6Z393T+KPNGG5HTIEI/ET\R\NNKRT/RBKA9TIYXISM3IP84BRG8A5H1N8MCQRDFBTZGJBID9XUORGUZ6/MHGEU8Q49REIV3SIAXVP\R\NWZNTRUIWAGTR/EW87VTXQ4B5IQPSJURX3H3U3FRYGJZ9TZRL5FYBQTQ2KFAFG45NGCAVAS56ZU+/\R\NWHTLOEJ6FN4/JUXQCGFUAWQA+VYEQDPHW0/4LT6+PLRRIPR7FUAKCDNMUO6NQ0L9TY3GQ1OYCHUB\R\NVISMDFCAQ9X4B90JNUWCTVBDIOFTZ0CN1DL7TW==\R\N',12),(181,NULL,'V3KBWGKVAFGNQGG0GGEJUA==\R\N',NULL,NULL,'1','COUNTER','DZUCM4CBYDJ5PLGNHRE/0XJCHAEIFMAZP9FTDYD3CAMT0/TCBRRXDJX4GKTMO7R488MF3TVRFVMJ\R\NQYC5TBG0IM4CFDWX81/D1ELAYL9K2U0UW3BLRGJX+EZTN7Y7B+ZH/XUFJQLU714X3GFZFZLOSE+E\R\N3CNRJ0UGXPE4C1/KDCUJQ3HMYTX4IIAFLSUNLH1ETBGCTYPSQXQ05ZEWPLST+BSBAVZSOBI39HSR\R\N3FGBYYA8RGPFNXF10RFHN7R1OYF46DEILNPKC4LVPTFUZ0SLG1KSEQ5CSRH5YRSRSGNMFKYYXRXO\R\NP+R16HVNW1AOV9GHE3BLWBTQNEW7MWT5EILYIW==\R\N',13),(182,NULL,'MFGQ/KW9PZUMJFBCPBIUAQ==\R\N',NULL,NULL,'1','COUNTER','FFYVPA3QXKSA+BNZLNGEHROPTY/4XYDUMZZBNX09UR4VAMAE9YDTRQ94OXCKEQRTJXJ3P9GCPVI2\R\NHNKTLI+ZR9YY8IXZ8RS+Q+HC1SAAE3I5NUDWYIIPROCQMKK+HCDFKESD4/UI3Z+91ADRJFWHDEQV\R\N2RG8WGZGCU15ROBLTBC66VEWXC/6ZBVKURVN9V6CSIWKJAJHQWV3PITH1AYZDHA/OV30JXEBOQSN\R\NAGJ/VPQECZ3LSMMYEI3MCELEIUI31QAKQOEHPWHH7GUAHBZ31XQPEZAMFUUIP9Q7UWJ+DUS0IYGD\R\N5LDQ2RV/LGSYZFNYKGDOONNW1PEKAO2DATNHCQ==\R\N',14),(183,NULL,'A9OBSOKGCGLOCNN4WZKG5G==\R\N',NULL,NULL,'1','COUNTER','JK0ND3XTOSHJGELJ4VCYGU8VQ08W8ZUMOCEAPZBQKEDZF7PDHUUTDXWQWQHY3ANQUFSHJ2MAGBIK\R\N8SBJCBAEPVCZUV0LGTCGYMAGKKZ0OZDVFGERTEEPBY5ABD2/JWGKUWLGYJGAG/179DAAB3SJHR+4\R\NXNU9BJNBE8ROVRRIOKQ1GRONNNEZ3Q9U1SRJX5JRW0UNQGIYZYNCWJG054BTIZCDDT7GLN9AAA+K\R\NOBHDAI9IGK9LC4KNAEMFCDGYWZCDJZMCDMYWMGOCYCJNPQKWSQWUSNHX1TNIM/NH0B0TDDVWKFOD\R\N6JJB2RFGLSGE9W7ZVJ7AH5ENWPAVLBLDOH6XDQ==\R\N',15),(184,NULL,'QGQQHY3VS/QZUVKWKRGBLW==\R\N',NULL,NULL,'1','COUNTER','C0TQWJZNOWNPS/XFLMNDRUKNRRHVNJALRILVB/QOBOTG6R9FYOIMADMLYSLHJEG5EGQXWIF+SWIS\R\N3A27L5SJJ4OEDSGHPU2GLLQDEOLY7MNJ2IX2KL9LKOS6I8PIHBZCB63KMIUVB+RPLI3AG6JJ9GFG\R\NWR1XIZYUHEJXX6ONUAGVHQPFZOWHYDKDRHHL6GRWEGL/93VLBRDLXC0VSMECG2/PGQ5YQVPMTCRK\R\NOQFTQTCT7I7WQYO6AYD1XLYWXCCMWANHNCUT/RLSK+VWJCLAYNSQAUMLDPTZZ9SD3LBUV6LYCHBK\R\N47FH2MXYICEDDAKR2ZOWUZDBGN4MG9QSMTIOXA==\R\N',16),(185,NULL,'ET/V+LDLABO76QALVCVMYQ==\R\N',NULL,NULL,'1','COUNTER','X4IDPPQXHUHSQZXYKDQAVX/VCJMGNSGPAQQTS5YVHCKXPORUQQDYQUML8NZ2BEI8LF1FU0MX9NWZ\R\NUTE1M6JT3XZSINBEB/W6P/PCOA2G/QCGSD3ATC4BVVVTCWTSUKW2V6F2COFZCF1QQG1JBEM1UH8B\R\NZF1RQDL+BYRF2B0FVD5+2EHVWFEZBH9QNYEHAYDRP9YHCHGDK8LEVMBGDSBINMWOLQM3CKPGLF3S\R\NA/9KE/DR3U58DEDWQPNVHS9LFPNWKQASDX0D+ASODTIIRGT8HT8GSDO8CCUNNZSIUYAN1RGHTRFP\R\N/QU8EMBBAZVS/HS3M9AOZGVUG68B6B2HZCYCQG==\R\N',17),(186,NULL,'LBTZ5IVUNCFBDGWBFIDWTG==\R\N',NULL,NULL,'1','COUNTER','ZHBETKRUORJSSUBQQM+HDGJUMCIZR8GW0QGEGBUPALDBUHAVKUPC781DF5AHDVZSPWCC6SYT3IDD\R\NEERB7SKVTTFZGRIGOVSTNN+HYCYGADR5OZS8E/NKDKBBPWHTBTWJJROT12XXTAWXSYI7ODSOK+LX\R\NARBWAX8BJIOX+LOY2F2NWQFQSCHE9CQXDGQXJUFXLGBBXXZ5IMPPFLJ686299DMXMZ7BIFE9+4FQ\R\N7X5OKQIBCJ28YYFQRUCLENH5HHW5CKPWSKXS5K/LZBQFXAZ5RIG/R94/86FECEMH7PJSFJLEILYT\R\NZ7UZ57QQXIW96QWLR60ORMYURWBNPGOC9FIOTW==\R\N',18),(187,NULL,'IG+4N2AQ6B/FDK5DCNYY4W==\R\N',NULL,NULL,'1','COUNTER','RQTODLEKCNTUAYKTX+KGGXQZN3MQ35VMXIP5BUTBSZ/SK2DG7K/BNGGC5NZPYYLOTTSEIGDQTPGF\R\NRHBYZRUWYFNY6X/A+DP6JN4BEGNJX2LL/JHD7JOXY7+IOUPHG/VJT1G+HXKKYFBH742CALFPABZ/\R\N34BJ1PA6CBT1HHYCOQJ3A9OLEVOL9UUU5TP1R53M+RRBMMGDCKHLJP4CP1AEPIJKMQSZK0UZWGQ5\R\NMKC3Q/IBS3AIDF2INCMG5JJZI/CDHDZEA7RF4TEDPGGSVH7TDJJW4JHYWVNE7PLODMR1SUQ9D3IY\R\NJY9IEL7J1DRUE0XLON+PWSGMP2QVMDAB7+TXNG==\R\N',4),(188,NULL,'YWVCRSHGOZ7XX9J8XJ54GA==\R\N',NULL,NULL,'1','COUNTER','FDWK/NSE+3EMAHUTRDAQNE0L+FWJ+RVMYS5PD824GHSTYUBIWW4WZXZZFO5N/BFJJJ9FVP0TZCHX\R\NPX5I1BRZWO0DDZ6TNNLV2IG0GRB9RIJIKCHXPNP0W5FYWYNBRVZFOYWHJPCXKQ7UNM1XGCRJUS95\R\NVOTHUUAETJNXIJKEOF00U8L5CZRK5OEGNEEBMOL1Q9Y2BBEFWA7IUMNPZIG/D3YA1MCRF0LKZNUB\R\NBOXKEGTDI/A04RARK8GFSMPZTUXOZEPYYLOHH+IPPFPR18JM1MSR8VYRFYNZ/ZKX56BFQVQSDQ8J\R\NMV8VXEQIVU0WJE9MTUSGIB3EDPQDTOB9VG6JJA==\R\N',5),(189,NULL,'RLSVH6DB0FZ9ITXCIWL90W==\R\N',NULL,NULL,'1','COUNTER','DAH7X0QS5KKH/QQPAJADGQT9YD2TBZHA2/FVFEOIIYJT4AJMW529QU8ZQWNDPFZUBZIBXGGKFGYH\R\NHV6/PNVVNX2XQAVUV1L8UGONJZABIRASKO4BWQGPNXLICXQIVBECAOKK+0PFI8D/4IOCF8ZUUDOS\R\NWQNDQNS6C8PAOCAHR/0TVROFOJZDCTTGR2/AFT2AR/OKKPXKACYMKJHULDWJNSUZBKPLICBVHBQN\R\NRNFUEZUSOKHOMZXD/GQ06NZ1F7TFK/ZS7I2B7+NTTDH1DW5HT11B7BWSHI1J9NQNXS9X+PY+ZAPV\R\N9KYMOJ4PI7OLM99G/O2QNAYT0PACHS3Y7GKPWG==\R\N',6),(190,NULL,'EIDJXEHF/YE6RDWGMZI7MW==\R\N',NULL,NULL,'1','COUNTER','YK//HQ4C5DXISFIF96O/QJDGKEMEIBWBDQBX5HZC/LQ/CVDLCWIUT7H8P6THIXDHDATHKPWBVUFO\R\N+Y4DM8TCCHAHPCCXDTNW0/GSGCHYJXTGF42QGPNJZTF/YR4ZZ3/E+4H1IWBOARNGVLYAXVJMVEPP\R\NE0+WPIZTTHWFGLMAPSXWTIX9+OZ7+IBPLKL2QTBULN8AXGOAM67TKRTYLKJLZYUK9UN5ORM4OFXF\R\NICFV1FBEEP+PWSMEMZ6JLNMYDE9CC63NF2L9BCN5/FSND2KZGVHZNMVE28KGG427/1PK9I0+IAC4\R\NMMZFKFWRNPO+Z+ONVNVLPQRVMMEUYNJAFCZU1W==\R\N',7),(191,'MIW1\R\N','YPADFM5MIYB+GBK48ZFQ4Q==\R\N','TB08IERPQ5LN/3RRMIL2LA==\R\N','QPRRUDPOK8YSWD5QWKQA8G==\R\N','2','COUNTER','MCWGCHOLP1/X0S9DI4SGSY9YOCPS4TNN9MWB1SWUFDHIQ1XMWES/ID65SBAOG4B9KMIQ5/QU8ZSW\R\ND1PD+C5GOYM2BUC4BFNQ2C4X4BKWA6UN7/UF4RZF9UZPC1XWQKP1HEHHBSEBI7ZSRBFVP7IZ+HD7\R\NP5ABWZAQISO6B7I2MKHWOWZVXGJQQUYBJ9OCEHLDSLMVKSTCSKPC8G1XZ8Q6YTXEMVXHXFFI1N7J\R\NZXWY9YVEXSRPYDMDQNFV1XNXUUYGLEY3UXHSUSLPN1ARAPOPREZZK/VBWJKHJH5OVIXL0WMM0EZI\R\NYPF6HHVCDU5CXUBF4FADYC4VXISUUR2JGZMQWG==\R\N',68),(193,'MCWW\R\N','EBQOAPIMGD/YQLJSGIHIUQ==\R\N','ZAHV5NQM71MBYZ9QZ6VY/Q==\R\N','MIW3\R\N','2','COUNTER','ABH+L4UU7DZ0JBPAIWAN4JB7WLKBIB1AEK3NDP1XIS5VNIXYUYPXET6SPPWVG2UPPTL9TTBRN/A3\R\NDHCD8XSG5MCMOB0FS83VBGACWT5AWHVTKHZ7D7FEAHRSWUP/C3+3CETAY3DUYL4UZ5B8+GOHF0RQ\R\NXV006JOGF23REM3C6OC9EWNMDKQHGXZGODSDWOPCGBOLNPW4SDUTJV0TBBNRU5NOFWSTT5K4KECW\R\NVSJRZ/Z69PUUE13KXHTUOQJTENEI8ZU7ME1IGINZISAXRGZHS5BVFKXDPG6ODSWHJE2GOE5ILNQO\R\NSATYKR2CDWMJBD7EI6DDX/WDTLCGM/NP6PQY/W==\R\N',70),(194,NULL,'A0WMOVMQSLYUZZZQWWIMAG==\R\N',NULL,NULL,'2','COUNTER','GFAIVML7HOMGFZM7J88LGSMHNXX49RFHI26YVZ5VBNFZV05MLKSAIC7Y3EIVWQTDWDKMA1VRL28V\R\N2YS/2ARMIEZNGRXAX8ICYU4RGZQE6KRZ6AJB11OR4BLTSMD2VV8LN2GDUUZ5ICZO/EJLVNIXS32S\R\NOCJUMRGXOY7TTQICGRQLONVXVA7RJRZR3AFQCFSWIF0BNWPXCQCYDD9H53GMDKFZVY+1XA4QHA8M\R\NSFN6FPCORQOWYJI5QCWCTIFLQFV2MCEZ38RCHOY+R1YFOY2BZYP+EJNN2CSOTN0H1DZY7GPX+XIW\R\NNM+U09LCNNVPKO3YVWDMZLOL4B4+DJUYYKE9IQ==\R\N',71),(195,'MIW3\R\N','YDFTGGG5Q11B7Y3YRJQDVG==\R\N','3B3TRXQ8/EGM/KTVS+Y0CW==\R\N','U5WUL7YTSKL5QE1QOIQZUW==\R\N','2','COUNTER','NMUS/J6FYGH64QYPNVB1GZWPBDLQARODWIGOMP4E+FTEEQ9ALJC76C3QQJV3HFYKR6AEARRQBVL7\R\NQJMOYYHBDJIVZ+AHFGZDT1LM1KFU8A/FE+C5CAPELSXI7YY6AQUSGVR53TTQHIMFZYDECGTUSF8N\R\NM7NISL5SS8UU76D9U7/EQ0OBMHPEAYDB0FYWTU/4LWD0PB9HTQ2U1I9JHZA0CS0WNFBPTWQ9G5LS\R\NPVN+Z+BVYH6WFUK5IZ9CCEJ8V3GVSPZVZCTAA1ZSEAY2RZCOLRQINR/ARJZ2AMCX+TF//J2BWAKK\R\NPBMCFJDSEGPNJBWQ4BOYWTE8PHJRIZI7JH1EKG==\R\N',72),(196,'MIW3\R\N','YFSXPIO/EQMPDQHRRMI13A==\R\N','QDRRF9FSYG1ODTWVFOPJQG==\R\N','GJBYNXPLCSYON9R0Q33XQA==\R\N','2','COUNTER','DTSXAIID4FZ1ZFPIWNUB3RTOIBP364VLWQVMCV4FOT7KTWNFETLPALJ/71IHTSM4LWLSZEUGNJTF\R\NS/YPI3QDRJSKHIH3XUO/EAAVUSV8LIL0J5+N0WQ8GK3JZ5CCCBJH+FWLM9HWG2V3EZRMGC7NZ0AD\R\N6K8BQIHGOUMKTAK/PU+RQX0ABWGJOX8XDFD98NANXSTTPFVSW2EP2VHFI3COAYSDHEOEYQYWKZXJ\R\ND6OO9HJGDA+KWNWYHR3HKKI53GUGHY8F2FHBDSDWHMGHPXWESXJG/JDVWESWDCVIMNOEOXL6GYOA\R\N/U9RJWF/GVJAC6M3CA20LF+MX91JVYOQ+OD0DW==\R\N',73),(197,NULL,'+JA0TM3XQOQFMIVPLZPYOA==\R\N',NULL,NULL,'2','COUNTER','RHH7DCKA6JMDYDTG68W61XRKXC1H5OWPMRCPY1IKZY5TZOAMWX1PZJFE8URM7AAWBGFTS2UZUNUO\R\NTXW1GH9TTAHC9W6NO7SZMCJOLLFVEZMAW4MC5CGONBWXNQICVBB3P6G4UA8AJFFRVBZRFWKLI2EE\R\NMQHRZ6PBZUUD/8I/DKLHVIQ/AJHJLKE7LIRUIN31VM/6KGB84Y1DQPW2QX1KHNACSOVD8TYVH/SV\R\NFLMXNKXJOC6ITQFXHLMN6TWWXBIEVGZLELJSRMNXMWJPC0YBELSMNWA8CU8RTQSM8FQ1EEPAFRW2\R\N7KRFES4WA9RCCIC/VC+ROLFQP5JBB/LRBIFIPG==\R\N',74),(198,'MIW1\R\N','KZHKGW4PDREI/ALII+90LW==\R\N','J/J4AOI71/LE5FW9NNXCLQ==\R\N','YURWGDA3ZJVUU6+BIUSLBQ==\R\N','2','COUNTER','DQNN0JPER43GHKGUGSC6HEISOX8EYNO0XYTPLLTPLM4YKJS6WUZAWMV5FVB+RCXQA8F3KOOBCV3V\R\N133MLT8GQDWBS7HM/FO7YLZRRO2R37/OXTA4ASPPZ1LE7NCJPEQ3GIRKQ6M9YYNISQEESINCDXTP\R\N3E6D9X5P4UIZ0VMPC9KHAH4TQCCYDDMB+ZL6USXFQBMRPEUP0ZHYVVYO50YNIXXJ4P7PV3C4DCVV\R\NW+J8GEUH9RSIIRJCK/K6PX/FGBHZSPU9V9LKEHVB8J34731GUM3NOWQMC54IC1TUVSCGZAI+JH/O\R\NXBIBUZ9MGUMMHD8QUMV/D/+UCEGPQ150B45TBA==\R\N',75),(199,'MIW3\R\N','0BCT2DBWM9ZIYANQZBYVRW==\R\N','3GHJCKLGFIAQXW18KWMRSW==\R\N','LJ2R28DIBTWWCFKYEON4GG==\R\N','2','COUNTER','WRNT3RZKWYLJEWCVMK7UJWQANQJRH0AIPGGDACZSYR5SO2O1YVEPS1EVI/QA+XVZHP4AJ7NDK9QE\R\NKUQX0SIRLVDCTM2HEV2GVMJN3EHTD0PH7O81L0BATMIXPYZIKNTJZN6YANJ2YCZANYVZ6OZ/JIZJ\R\NHHKJY9Z8HQUFYIC7PHQA+E2STZ6+VQV13LCT+CQDFTDOAZVVGFNPQB1W0U71GE1NSFDF8PPABFSK\R\NROOQSJ2CQVTVFC3JAYTXPOGVJBU8FXETUEEM+T0DYDMWBMSNWIUIIC6JUM5KFNUNCVSOR23E3VOK\R\NM522OFDWEQ6TOI6AXUKGSMAYVB6QM9MPDLREYW==\R\N',76),(200,'MIW3\R\N','L+LZAFHHNGNCC1VGEMCHRA==\R\N','AIGAADXM6XLXF82U+MQVYQ==\R\N','D/JUJDAFXRBVSLT1HNQD1W==\R\N','2','COUNTER','F45RSYFFM4CPNW5OHKZLUQDHNVE6E7SBOVQXYHJYFAYCXLQSGE7LT6Z9RIBZK4URVRAGK4Q7YESW\R\NHO3G8ZFGS8VQ9VLVHQYWZCMZ1I4D9TPTCFD77TRQE3SIISTEG6AXKWEUH0DRJ2PLIF8QIM7URVVS\R\NKJF6ME3QLCLS1VFD8XUPHY3YOOLBGI9LJNRQXGKEV7H0EJHGAO9QFCZRTA+FFKX28DH4RVHS0IDN\R\NIFN1JB481A9PXENYNOOBHO1UGPHWZEDFDMH0QSI+D9VAAGEHXKT3UYJNELHESXXNW3A5Q47HN3AO\R\NOX5MS4J+DWQRKUUJTJZIJD4PHNEHVH1KES8OGG==\R\N',77),(201,'MIW1\R\N','JQSRAVJLCFQ2VYMZJXPRGA==\R\N','JONH0L19O1CFVE+4PP3QYQ==\R\N','RNBUQONQYFMVQA91LME9JA==\R\N','2','COUNTER','DJ8DX6+YF98FMZORI2SX2QSO/SNG3BS7SBZDT+XBF1G8MRF+SIORTQRS66BEHFUP2AWI40N38PB3\R\NQB16EETHSYOS5JMAU2MZPBNJ0E++PPBMVOCRX1PQ1OSTQN5MZELSN5QQSWU7NN6EH9WDZAD/F1VE\R\NE/S7R96MYRJJ3PWED/LNT4OR3SRRUVH1W8/K9DI7EAFMG02HBGDJGUHQKMWMXFZP56IJBMJV0/DQ\R\N4FV6YCQL5SEGXSI2WGOL47RGWZYA5W/Q0SXIBEKB2Z5EYWST7IUZXLNGBMIH1RKTDPZIPQYWLKIZ\R\NBNYE1XHJ7ZRRU2GN/XMSXONOTBLSTBKD2WYDMQ==\R\N',78),(202,'MIW1\R\N','WD0PQJBSV+TFXUKXLDOATW==\R\N','TDQN28CAJNJV/1QLKFP0VW==\R\N','N74MOVARB03YBCWQFSVHCG==\R\N','2','COUNTER','W8IK2LL1FFRQ+8EXFFB8JRNC1GI+H5GNDDWVIMFQLG8YMGVVRAHFRABZTGBPKVK/+BCUC6PKODKX\R\NCKTWTK4YMDXBYTTVSGIV9MHHUAOEJM6DQBXGOID6N3SNN0IFJJSXXOHV9MR9HKXDBYEF2ZNL+LUU\R\NDBXZBTPAT2VYQL22GAS0MYOTPNF27DGHNJSN/7RPWVNJPXZNHIO1UC3WN28GM3SP+5P1V4SUNBT5\R\N2F+LRTFDDZWGDBAP7ZWTCZW5VNXRZ9NJJMXU4IQGWMZM9/LTP0ONOVL+K6DGZE65G/E1VLXN0U8T\R\N1ENEY8KCMYJXJAANCFD5JX+SZOEJC3TAAC+NMQ==\R\N',79),(203,'MIW1\R\N','Y2EZLD8J3UUP2HLTSWXNRA==\R\N','48LTAAQYK2MPTYKC2MPQWQ==\R\N','TNGC4HSOP5BKASAOPW02ZQ==\R\N','2','COUNTER','RRAHIGRD4X/XVQYHNNQP5QVTGHRO+ANZNNYOB9B13BQM1ESOJP919SKVSRZE1HB4XP8CWFRG+WKO\R\NRQGQMF6BWY6+YFP59PNLJ2HAIQ0B3FT/4RANI3TRMRW0NHDPNFOLFCSMCLASKJ9KQT2VVLQKWZZA\R\N2QD805O966WDYKTSE61SL6J/UNNOCQAZIN1HAIMZMWNZQSWMOQPOVQLYELBRLCAGNHL4J4CCB2FN\R\N72PCUFHZC/NZ0CP2MNYSO382IGQY6QOXTIGY2OLSCBBLOD3QOCDONJSSIDZ3HSZOETA9RPNW5UDC\R\NMAZ7M8PTKKE8+/20RGMETQERDC7D9JGS5W5KDG==\R\N',80),(204,'MIW1\R\N','RCB5EQONXXKPCZJKVDS+XW==\R\N','HRNYQLS0YIADSP/JP1Z26A==\R\N','EWSJSVGKEIMEFMA2AYX64Q==\R\N','2','COUNTER','CQE5IRZ/RMNFADJOBYKIMWJNI6KXYUZD365SISMM9E4Q0VMMW2NSDNBIWF8/VQVWQFVNNADUSTPB\R\NQNAUOMQ/6T/QCMELN7UCKZHWCMH8W2/DR3QTCCJFSFTBAGQHRXWIYJBAMFBVL+OYQL8LWUZKTDGK\R\NCFUTFC7YO+NVLWTQYIVAZQBM7RSWZG+FYSOTZ7NUGASSDE4/KPAZZMYUZ3FZZPNH8D0MI7HB3NVY\R\NZFPRJEW8EGLPHRJUAU5ZUXBWJ9MA08HUJXC5YT+DYVXBA6LRNZYWIBSJ42Q2JKHDCBC5VDRYOGMC\R\NTGOHTWX+NNV8Y15RW7HJV84G3JYHQUEFFLQX9G==\R\N',81),(205,'MIW3\R\N','YUZBJ5KT4XB6FDRQD87GBW==\R\N','RMCNICGCNEVZF2ZIUCW+1Q==\R\N','GIHEBW3QAH4J8OYGSNYKRA==\R\N','2','COUNTER','EMJ7W96EVNIUTNJ/HVC0HHPPI/U/RIS+HTP55PYNGXOZM62LKPW8CG+ZGUSXX/6HCOI6RKWPJAUV\R\N+FSKWRFATBLG8FQUQIIASCMJLYDB2K/D3CVKFUSEAKKLKYAXFUG6O9XSGM+7/Q8HAAMFT3FGO72/\R\N08KVQQLXATXIHYYKCQ13IDKN2KLN/MMDHDSEXSJLUKD9OTEVBUTY2XZD3BUXFVTWJOTYPKVQQR6/\R\NC5OKBOLCEAVOD/KHKBQKAABT0EMQCC04IUAG33UCG30IDJKQKCDJYGNNHYS7KJTWUOHD9TXP3SPT\R\NANNI6TPXWCEVBZVOU5QQUGMFAJIG9DAB6LMQKW==\R\N',82),(206,'MIW3\R\N','TK9QOOGPKNVIUJHEK/NPTG==\R\N','7TFPZ+TETY/KPLLJHC1EFQ==\R\N','GCHGR5E+3IHJDVBICWETWW==\R\N','2','COUNTER','M/OD7SKJNBFJ2YDUCTZNUSH+GJOR6IRR6NJZOVNJEEIOCFMNAE1SVLOG7XABRQ2MUWMPBS3XEJKS\R\NVVEVSPTYNYN0C0K1JIPFOOEF1+VMUIB0KEYPPSJVCNMIONPLNS4AFQ195SI5TRXGQIIERRYROEC/\R\N3TNLJJWXZOITTXMJOEHKVF2CNTE2XSBL0ODXC0C0GVODELN4NMI3OI+HIWNVLT4WRI4E8TYIPVMF\R\NSGYCP7XD+WL4OGQKI95TZMV/AQHJRTHN9QWIGHBLVV4B1QLFRUJY19O14+IB/9XZXUHK0GX1KYHZ\R\NQHKS+U9GJNCM9CIE6IIRWTHA9OKODK8GLACXJG==\R\N',83),(207,'MIW3\R\N','O1GNK4CWBR8/NSW4VRBLAW==\R\N','CBZEEAGC6JBOXU576F8EUW==\R\N','TH5EDPUY4S/MDOSZMC27QA==\R\N','2','COUNTER','C0OVBE23REWYGF32JCRZ+QRJAULBODO4QMTFCXMAGHTKNSRXJMYWMCIOV/5/KNEVLO9NVTHIMJ6N\R\NI1QJYBKL7KM51XKJELTBZMAHPIGDBDZEFIDY2KPYDRKHSJQAI79VN4MFKK7QGGBYS+QFBWPYDLFE\R\NXQASH/KBWDFH09MVMEYAPVI2R9WBETRJOFJKFNMYOSO2NR9HSNEUKC2TWOO6STL5559EVLHOOEYZ\R\NKGNIDR8TFUP1Y03A3AJGWLSYVLCHHJ38KHJZPMIHQ9K9QZY7ENPO0H6CNLIESY+GFOJT9DCRHXHQ\R\NQJITCSSEQ/MKG/NTPCSEAA0V++ZIOQG3UDBILG==\R\N',84),(208,'MIW1\R\N','RJVNKXNSSED2RTR8RMHIWG==\R\N','PPTAPTEA/H6AJZO81CPINA==\R\N','/YYWXVCRTPD32PO1VRLYTG==\R\N','2','COUNTER','DPD0K9UDX7BIZREE1Z2WDTZPGSJIFQVEY+ZPN9TDNLGQYYEOR1JTZX5WDZEKERYQ5LVMX/IMXKEP\R\NTNNAEZQV/DFOX/9FJU2D2XF5X3UAWBSKU8ADEK94301MJOVYQ7FPLZQS6SS3YNOZASECZUS74CR8\R\NUQ81BZ3WZEJQCCBCXN6VUEHE0IMAMWNMTXCVXMBR50BEKFE1XQZG4COHG9ZUC61SAWM9CRBOMMQR\R\N6W4M5PG7UGKVCVZS/JLGSEVU9TLAJJHI5LBCBK5WGCEU8XD93OU9GKKBCJLUZHFBBGQFPJ+DRA+I\R\NFET7SXJDHY2RYDC7R7B8AYJ/VZDT1EQV+N5FBW==\R\N',85),(209,NULL,'TK9QOOGPKNVIUJHEK/NPTG==\R\N',NULL,NULL,'2','COUNTER','M/OD7SKJNBFJ2YDUCTZNUSH+GJOR6IRR6NJZOVNJEEIOCFMNAE1SVLOG7XABRQ2MUWMPBS3XEJKS\R\NVVEVSPTYNYN0C0K1JIPFOOEF1+VMUIB0KEYPPSJVCNMIONPLNS4AFQ195SI5TRXGQIIERRYROEC/\R\N3TNLJJWXZOITTXMJOEHKVF2CNTE2XSBL0ODXC0C0GVODELN4NMI3OI+HIWNVLT4WRI4E8TYIPVMF\R\NSGYCP7XD+WL4OGQKI95TZMV/AQHJRTHN9QWIGHBLVV4B1QLFRUJY19O14+IB/9XZXUHK0GX1KYHZ\R\NQHKS+U9GJNCM9CIE6IIRWTHA9OKODK8GLACXJG==\R\N',83),(210,NULL,'O1GNK4CWBR8/NSW4VRBLAW==\R\N',NULL,NULL,'2','COUNTER','C0OVBE23REWYGF32JCRZ+QRJAULBODO4QMTFCXMAGHTKNSRXJMYWMCIOV/5/KNEVLO9NVTHIMJ6N\R\NI1QJYBKL7KM51XKJELTBZMAHPIGDBDZEFIDY2KPYDRKHSJQAI79VN4MFKK7QGGBYS+QFBWPYDLFE\R\NXQASH/KBWDFH09MVMEYAPVI2R9WBETRJOFJKFNMYOSO2NR9HSNEUKC2TWOO6STL5559EVLHOOEYZ\R\NKGNIDR8TFUP1Y03A3AJGWLSYVLCHHJ38KHJZPMIHQ9K9QZY7ENPO0H6CNLIESY+GFOJT9DCRHXHQ\R\NQJITCSSEQ/MKG/NTPCSEAA0V++ZIOQG3UDBILG==\R\N',84),(211,NULL,'RJVNKXNSSED2RTR8RMHIWG==\R\N',NULL,NULL,'2','COUNTER','DPD0K9UDX7BIZREE1Z2WDTZPGSJIFQVEY+ZPN9TDNLGQYYEOR1JTZX5WDZEKERYQ5LVMX/IMXKEP\R\NTNNAEZQV/DFOX/9FJU2D2XF5X3UAWBSKU8ADEK94301MJOVYQ7FPLZQS6SS3YNOZASECZUS74CR8\R\NUQ81BZ3WZEJQCCBCXN6VUEHE0IMAMWNMTXCVXMBR50BEKFE1XQZG4COHG9ZUC61SAWM9CRBOMMQR\R\N6W4M5PG7UGKVCVZS/JLGSEVU9TLAJJHI5LBCBK5WGCEU8XD93OU9GKKBCJLUZHFBBGQFPJ+DRA+I\R\NFET7SXJDHY2RYDC7R7B8AYJ/VZDT1EQV+N5FBW==\R\N',85),(212,NULL,'O1GNK4CWBR8/NSW4VRBLAW==\R\N',NULL,NULL,'2','COUNTER','C0OVBE23REWYGF32JCRZ+QRJAULBODO4QMTFCXMAGHTKNSRXJMYWMCIOV/5/KNEVLO9NVTHIMJ6N\R\NI1QJYBKL7KM51XKJELTBZMAHPIGDBDZEFIDY2KPYDRKHSJQAI79VN4MFKK7QGGBYS+QFBWPYDLFE\R\NXQASH/KBWDFH09MVMEYAPVI2R9WBETRJOFJKFNMYOSO2NR9HSNEUKC2TWOO6STL5559EVLHOOEYZ\R\NKGNIDR8TFUP1Y03A3AJGWLSYVLCHHJ38KHJZPMIHQ9K9QZY7ENPO0H6CNLIESY+GFOJT9DCRHXHQ\R\NQJITCSSEQ/MKG/NTPCSEAA0V++ZIOQG3UDBILG==\R\N',84),(213,NULL,'RJVNKXNSSED2RTR8RMHIWG==\R\N',NULL,NULL,'2','COUNTER','DPD0K9UDX7BIZREE1Z2WDTZPGSJIFQVEY+ZPN9TDNLGQYYEOR1JTZX5WDZEKERYQ5LVMX/IMXKEP\R\NTNNAEZQV/DFOX/9FJU2D2XF5X3UAWBSKU8ADEK94301MJOVYQ7FPLZQS6SS3YNOZASECZUS74CR8\R\NUQ81BZ3WZEJQCCBCXN6VUEHE0IMAMWNMTXCVXMBR50BEKFE1XQZG4COHG9ZUC61SAWM9CRBOMMQR\R\N6W4M5PG7UGKVCVZS/JLGSEVU9TLAJJHI5LBCBK5WGCEU8XD93OU9GKKBCJLUZHFBBGQFPJ+DRA+I\R\NFET7SXJDHY2RYDC7R7B8AYJ/VZDT1EQV+N5FBW==\R\N',85),(214,NULL,'O1GNK4CWBR8/NSW4VRBLAW==\R\N',NULL,NULL,'2','COUNTER','C0OVBE23REWYGF32JCRZ+QRJAULBODO4QMTFCXMAGHTKNSRXJMYWMCIOV/5/KNEVLO9NVTHIMJ6N\R\NI1QJYBKL7KM51XKJELTBZMAHPIGDBDZEFIDY2KPYDRKHSJQAI79VN4MFKK7QGGBYS+QFBWPYDLFE\R\NXQASH/KBWDFH09MVMEYAPVI2R9WBETRJOFJKFNMYOSO2NR9HSNEUKC2TWOO6STL5559EVLHOOEYZ\R\NKGNIDR8TFUP1Y03A3AJGWLSYVLCHHJ38KHJZPMIHQ9K9QZY7ENPO0H6CNLIESY+GFOJT9DCRHXHQ\R\NQJITCSSEQ/MKG/NTPCSEAA0V++ZIOQG3UDBILG==\R\N',84),(215,NULL,'RJVNKXNSSED2RTR8RMHIWG==\R\N',NULL,NULL,'2','COUNTER','DPD0K9UDX7BIZREE1Z2WDTZPGSJIFQVEY+ZPN9TDNLGQYYEOR1JTZX5WDZEKERYQ5LVMX/IMXKEP\R\NTNNAEZQV/DFOX/9FJU2D2XF5X3UAWBSKU8ADEK94301MJOVYQ7FPLZQS6SS3YNOZASECZUS74CR8\R\NUQ81BZ3WZEJQCCBCXN6VUEHE0IMAMWNMTXCVXMBR50BEKFE1XQZG4COHG9ZUC61SAWM9CRBOMMQR\R\N6W4M5PG7UGKVCVZS/JLGSEVU9TLAJJHI5LBCBK5WGCEU8XD93OU9GKKBCJLUZHFBBGQFPJ+DRA+I\R\NFET7SXJDHY2RYDC7R7B8AYJ/VZDT1EQV+N5FBW==\R\N',85),(216,NULL,'O1GNK4CWBR8/NSW4VRBLAW==\R\N',NULL,NULL,'2','COUNTER','C0OVBE23REWYGF32JCRZ+QRJAULBODO4QMTFCXMAGHTKNSRXJMYWMCIOV/5/KNEVLO9NVTHIMJ6N\R\NI1QJYBKL7KM51XKJELTBZMAHPIGDBDZEFIDY2KPYDRKHSJQAI79VN4MFKK7QGGBYS+QFBWPYDLFE\R\NXQASH/KBWDFH09MVMEYAPVI2R9WBETRJOFJKFNMYOSO2NR9HSNEUKC2TWOO6STL5559EVLHOOEYZ\R\NKGNIDR8TFUP1Y03A3AJGWLSYVLCHHJ38KHJZPMIHQ9K9QZY7ENPO0H6CNLIESY+GFOJT9DCRHXHQ\R\NQJITCSSEQ/MKG/NTPCSEAA0V++ZIOQG3UDBILG==\R\N',84),(217,NULL,'RJVNKXNSSED2RTR8RMHIWG==\R\N',NULL,NULL,'2','COUNTER','DPD0K9UDX7BIZREE1Z2WDTZPGSJIFQVEY+ZPN9TDNLGQYYEOR1JTZX5WDZEKERYQ5LVMX/IMXKEP\R\NTNNAEZQV/DFOX/9FJU2D2XF5X3UAWBSKU8ADEK94301MJOVYQ7FPLZQS6SS3YNOZASECZUS74CR8\R\NUQ81BZ3WZEJQCCBCXN6VUEHE0IMAMWNMTXCVXMBR50BEKFE1XQZG4COHG9ZUC61SAWM9CRBOMMQR\R\N6W4M5PG7UGKVCVZS/JLGSEVU9TLAJJHI5LBCBK5WGCEU8XD93OU9GKKBCJLUZHFBBGQFPJ+DRA+I\R\NFET7SXJDHY2RYDC7R7B8AYJ/VZDT1EQV+N5FBW==\R\N',85),(218,NULL,'O1GNK4CWBR8/NSW4VRBLAW==\R\N',NULL,NULL,'2','COUNTER','C0OVBE23REWYGF32JCRZ+QRJAULBODO4QMTFCXMAGHTKNSRXJMYWMCIOV/5/KNEVLO9NVTHIMJ6N\R\NI1QJYBKL7KM51XKJELTBZMAHPIGDBDZEFIDY2KPYDRKHSJQAI79VN4MFKK7QGGBYS+QFBWPYDLFE\R\NXQASH/KBWDFH09MVMEYAPVI2R9WBETRJOFJKFNMYOSO2NR9HSNEUKC2TWOO6STL5559EVLHOOEYZ\R\NKGNIDR8TFUP1Y03A3AJGWLSYVLCHHJ38KHJZPMIHQ9K9QZY7ENPO0H6CNLIESY+GFOJT9DCRHXHQ\R\NQJITCSSEQ/MKG/NTPCSEAA0V++ZIOQG3UDBILG==\R\N',84),(219,NULL,'RJVNKXNSSED2RTR8RMHIWG==\R\N',NULL,NULL,'2','COUNTER','DPD0K9UDX7BIZREE1Z2WDTZPGSJIFQVEY+ZPN9TDNLGQYYEOR1JTZX5WDZEKERYQ5LVMX/IMXKEP\R\NTNNAEZQV/DFOX/9FJU2D2XF5X3UAWBSKU8ADEK94301MJOVYQ7FPLZQS6SS3YNOZASECZUS74CR8\R\NUQ81BZ3WZEJQCCBCXN6VUEHE0IMAMWNMTXCVXMBR50BEKFE1XQZG4COHG9ZUC61SAWM9CRBOMMQR\R\N6W4M5PG7UGKVCVZS/JLGSEVU9TLAJJHI5LBCBK5WGCEU8XD93OU9GKKBCJLUZHFBBGQFPJ+DRA+I\R\NFET7SXJDHY2RYDC7R7B8AYJ/VZDT1EQV+N5FBW==\R\N',85),(220,NULL,'O1GNK4CWBR8/NSW4VRBLAW==\R\N',NULL,NULL,'2','COUNTER','C0OVBE23REWYGF32JCRZ+QRJAULBODO4QMTFCXMAGHTKNSRXJMYWMCIOV/5/KNEVLO9NVTHIMJ6N\R\NI1QJYBKL7KM51XKJELTBZMAHPIGDBDZEFIDY2KPYDRKHSJQAI79VN4MFKK7QGGBYS+QFBWPYDLFE\R\NXQASH/KBWDFH09MVMEYAPVI2R9WBETRJOFJKFNMYOSO2NR9HSNEUKC2TWOO6STL5559EVLHOOEYZ\R\NKGNIDR8TFUP1Y03A3AJGWLSYVLCHHJ38KHJZPMIHQ9K9QZY7ENPO0H6CNLIESY+GFOJT9DCRHXHQ\R\NQJITCSSEQ/MKG/NTPCSEAA0V++ZIOQG3UDBILG==\R\N',84),(221,NULL,'RJVNKXNSSED2RTR8RMHIWG==\R\N',NULL,NULL,'2','COUNTER','DPD0K9UDX7BIZREE1Z2WDTZPGSJIFQVEY+ZPN9TDNLGQYYEOR1JTZX5WDZEKERYQ5LVMX/IMXKEP\R\NTNNAEZQV/DFOX/9FJU2D2XF5X3UAWBSKU8ADEK94301MJOVYQ7FPLZQS6SS3YNOZASECZUS74CR8\R\NUQ81BZ3WZEJQCCBCXN6VUEHE0IMAMWNMTXCVXMBR50BEKFE1XQZG4COHG9ZUC61SAWM9CRBOMMQR\R\N6W4M5PG7UGKVCVZS/JLGSEVU9TLAJJHI5LBCBK5WGCEU8XD93OU9GKKBCJLUZHFBBGQFPJ+DRA+I\R\NFET7SXJDHY2RYDC7R7B8AYJ/VZDT1EQV+N5FBW==\R\N',85),(222,NULL,'O1GNK4CWBR8/NSW4VRBLAW==\R\N',NULL,NULL,'2','COUNTER','C0OVBE23REWYGF32JCRZ+QRJAULBODO4QMTFCXMAGHTKNSRXJMYWMCIOV/5/KNEVLO9NVTHIMJ6N\R\NI1QJYBKL7KM51XKJELTBZMAHPIGDBDZEFIDY2KPYDRKHSJQAI79VN4MFKK7QGGBYS+QFBWPYDLFE\R\NXQASH/KBWDFH09MVMEYAPVI2R9WBETRJOFJKFNMYOSO2NR9HSNEUKC2TWOO6STL5559EVLHOOEYZ\R\NKGNIDR8TFUP1Y03A3AJGWLSYVLCHHJ38KHJZPMIHQ9K9QZY7ENPO0H6CNLIESY+GFOJT9DCRHXHQ\R\NQJITCSSEQ/MKG/NTPCSEAA0V++ZIOQG3UDBILG==\R\N',84),(223,NULL,'RJVNKXNSSED2RTR8RMHIWG==\R\N',NULL,NULL,'2','COUNTER','DPD0K9UDX7BIZREE1Z2WDTZPGSJIFQVEY+ZPN9TDNLGQYYEOR1JTZX5WDZEKERYQ5LVMX/IMXKEP\R\NTNNAEZQV/DFOX/9FJU2D2XF5X3UAWBSKU8ADEK94301MJOVYQ7FPLZQS6SS3YNOZASECZUS74CR8\R\NUQ81BZ3WZEJQCCBCXN6VUEHE0IMAMWNMTXCVXMBR50BEKFE1XQZG4COHG9ZUC61SAWM9CRBOMMQR\R\N6W4M5PG7UGKVCVZS/JLGSEVU9TLAJJHI5LBCBK5WGCEU8XD93OU9GKKBCJLUZHFBBGQFPJ+DRA+I\R\NFET7SXJDHY2RYDC7R7B8AYJ/VZDT1EQV+N5FBW==\R\N',85),(224,NULL,'O1GNK4CWBR8/NSW4VRBLAW==\R\N',NULL,NULL,'2','COUNTER','C0OVBE23REWYGF32JCRZ+QRJAULBODO4QMTFCXMAGHTKNSRXJMYWMCIOV/5/KNEVLO9NVTHIMJ6N\R\NI1QJYBKL7KM51XKJELTBZMAHPIGDBDZEFIDY2KPYDRKHSJQAI79VN4MFKK7QGGBYS+QFBWPYDLFE\R\NXQASH/KBWDFH09MVMEYAPVI2R9WBETRJOFJKFNMYOSO2NR9HSNEUKC2TWOO6STL5559EVLHOOEYZ\R\NKGNIDR8TFUP1Y03A3AJGWLSYVLCHHJ38KHJZPMIHQ9K9QZY7ENPO0H6CNLIESY+GFOJT9DCRHXHQ\R\NQJITCSSEQ/MKG/NTPCSEAA0V++ZIOQG3UDBILG==\R\N',84),(225,NULL,'RJVNKXNSSED2RTR8RMHIWG==\R\N',NULL,NULL,'2','COUNTER','DPD0K9UDX7BIZREE1Z2WDTZPGSJIFQVEY+ZPN9TDNLGQYYEOR1JTZX5WDZEKERYQ5LVMX/IMXKEP\R\NTNNAEZQV/DFOX/9FJU2D2XF5X3UAWBSKU8ADEK94301MJOVYQ7FPLZQS6SS3YNOZASECZUS74CR8\R\NUQ81BZ3WZEJQCCBCXN6VUEHE0IMAMWNMTXCVXMBR50BEKFE1XQZG4COHG9ZUC61SAWM9CRBOMMQR\R\N6W4M5PG7UGKVCVZS/JLGSEVU9TLAJJHI5LBCBK5WGCEU8XD93OU9GKKBCJLUZHFBBGQFPJ+DRA+I\R\NFET7SXJDHY2RYDC7R7B8AYJ/VZDT1EQV+N5FBW==\R\N',85),(226,NULL,'RJVNKXNSSED2RTR8RMHIWG==\R\N',NULL,NULL,'2','COUNTER','DPD0K9UDX7BIZREE1Z2WDTZPGSJIFQVEY+ZPN9TDNLGQYYEOR1JTZX5WDZEKERYQ5LVMX/IMXKEP\R\NTNNAEZQV/DFOX/9FJU2D2XF5X3UAWBSKU8ADEK94301MJOVYQ7FPLZQS6SS3YNOZASECZUS74CR8\R\NUQ81BZ3WZEJQCCBCXN6VUEHE0IMAMWNMTXCVXMBR50BEKFE1XQZG4COHG9ZUC61SAWM9CRBOMMQR\R\N6W4M5PG7UGKVCVZS/JLGSEVU9TLAJJHI5LBCBK5WGCEU8XD93OU9GKKBCJLUZHFBBGQFPJ+DRA+I\R\NFET7SXJDHY2RYDC7R7B8AYJ/VZDT1EQV+N5FBW==\R\N',85),(227,'MIW1\R\N','YAKZAZUTA7VUOIDCMO/HGQ==\R\N','0QJGBFBU5TKCAOGNNTQBCW==\R\N','16MPUJ+CE4G3IGFNHG1PKQ==\R\N','2','COUNTER','JNNN6AV/K1NVSHOTY6HQOWB0SYWI1L4C5+GEZFUHXATFUCUDYBVSW7ULQOOOPTJZ0L6OPXRHN7HK\R\NYOJ7UOO1H+YTBVVXTREDHXHWIEPKFQOYZNDBKJ28GEULYYDXRT1NJXRU+1ZDFMORALZLTGJWYPZL\R\NT+XHREY1SFQ+ZSCXFV4PQVE+NGWJMUZYCSJ5Y9X+WZSK1LLDQAXAJJNTMKEGCZB1ISB7SC6K7AGW\R\N3PIAIXOHLDC0UXQCFMJQI0VZ13NDZ5XIEXHQW/JHW/2VBYZEMSBFAZ8UBITBAB0WPDCHQOJTOXGH\R\NRVK9TILO9A4156P38OTRPGKLJDVBPLCSYGFFUA==\R\N',86);
/*!40000 ALTER TABLE `BALLOT` ENABLE KEYS */;
UNLOCK TABLES;

--
-- TABLE STRUCTURE FOR TABLE `BLIND_BALLOT`
--

DROP TABLE IF EXISTS `BLIND_BALLOT`;
/*!40101 SET @SAVED_CS_CLIENT     = @@CHARACTER_SET_CLIENT */;
/*!40101 SET CHARACTER_SET_CLIENT = UTF8 */;
CREATE TABLE `BLIND_BALLOT` (
  `ID` INT(11) NOT NULL AUTO_INCREMENT,
  `BLIND_BALLOT` VARCHAR(512) NOT NULL,
  `VOTER_SIG` VARCHAR(512) NOT NULL,
  `USER_ID` INT(11) NOT NULL,
  `ELECTION_ID` INT(11) NOT NULL,
  `VOTED` INT(2) NOT NULL DEFAULT '0',
  PRIMARY KEY (`ID`)
) ENGINE=INNODB AUTO_INCREMENT=220 DEFAULT CHARSET=LATIN1;
/*!40101 SET CHARACTER_SET_CLIENT = @SAVED_CS_CLIENT */;

--
-- DUMPING DATA FOR TABLE `BLIND_BALLOT`
--

LOCK TABLES `BLIND_BALLOT` WRITE;
/*!40000 ALTER TABLE `BLIND_BALLOT` DISABLE KEYS */;
INSERT INTO `BLIND_BALLOT` VALUES (219,'XAEMKP+YW+UVQAC5TQDMA3K1BQAHEJ6XFJHO70SCHSTEQZYHZ0NYUL+LXN7PIDHJUUTBBQCP8BUJ\R\NJYX+I3SNNZZ21J8KKT9JN0YESHVXU4KLACVLVO9IZ1ICFAVTHIX6XEUA5P6FN5RBUWQD6JTRDXPR\R\NJ2PK5ZOPZX3CTYCZCGNOGSSCAQKPYDKXKNGOQLRUNETHIH+R976D6O9QKUYYT5+LWE2XSRBAFPEE\R\NKVYCTT70BA6X2SYU/ETX9Q86XTNS5X3ZL2PY1FDPLDVSZP7ZDTPJ/RKDUBNWPY60YSLKC7WECJ2H\R\NVDRED03O6OFQLWNVM9HASH7UKHLRSPNNQBW9MW==\R\N','ORYATLPW+EWFH5GQUWZICPQPUV9WYUOEID3WNX5KHWGGP7W3GOHIQWCPRMK6BOP690YRK1PAD5OK\R\N+ZUHPHEWEAYPBDX5FOXH3UTW50BSLW+YWFHSCOII7KPVA+QILWKSMY6QQDVD994RMKVLXBNQR55U\R\NYGJVHARB4U/VXL+G0LXOXWSUWK9ZYBNEFSVLFLL6RVVVGBWSOFZKE3EQKHAOKH2YKJKCHBA8IAUL\R\NJBJ8DXPMSMXKNDDTZK/YOG0RJA6PGVLULCEA6V7CZDE2EAVOHH34L97FBZRKGXTZA0JRQ5Z7QSWB\R\NX/IAM1HRQJTDI0DBXSGFLT6H54FARYUTQ/NOEQ==\R\N',2,2,1);
/*!40000 ALTER TABLE `BLIND_BALLOT` ENABLE KEYS */;
UNLOCK TABLES;

--
-- TABLE STRUCTURE FOR TABLE `CANDIDATE`
--

DROP TABLE IF EXISTS `CANDIDATE`;
/*!40101 SET @SAVED_CS_CLIENT     = @@CHARACTER_SET_CLIENT */;
/*!40101 SET CHARACTER_SET_CLIENT = UTF8 */;
CREATE TABLE `CANDIDATE` (
  `ID` INT(11) NOT NULL AUTO_INCREMENT,
  `USER_ID` INT(11) NOT NULL,
  PRIMARY KEY (`ID`),
  KEY `USER_ID` (`USER_ID`),
  CONSTRAINT `CANDIDATE_IBFK_1` FOREIGN KEY (`USER_ID`) REFERENCES `USER` (`ID`)
) ENGINE=INNODB AUTO_INCREMENT=4 DEFAULT CHARSET=LATIN1;
/*!40101 SET CHARACTER_SET_CLIENT = @SAVED_CS_CLIENT */;

--
-- DUMPING DATA FOR TABLE `CANDIDATE`
--

LOCK TABLES `CANDIDATE` WRITE;
/*!40000 ALTER TABLE `CANDIDATE` DISABLE KEYS */;
INSERT INTO `CANDIDATE` VALUES (1,5),(2,6),(3,7);
/*!40000 ALTER TABLE `CANDIDATE` ENABLE KEYS */;
UNLOCK TABLES;

--
-- TABLE STRUCTURE FOR TABLE `CANDIDATE_ELECTION`
--

DROP TABLE IF EXISTS `CANDIDATE_ELECTION`;
/*!40101 SET @SAVED_CS_CLIENT     = @@CHARACTER_SET_CLIENT */;
/*!40101 SET CHARACTER_SET_CLIENT = UTF8 */;
CREATE TABLE `CANDIDATE_ELECTION` (
  `ID` INT(11) NOT NULL AUTO_INCREMENT,
  `CANDIDATE_ID` INT(11) NOT NULL,
  `ELECTION_ID` BIGINT(20) NOT NULL,
  PRIMARY KEY (`ID`),
  KEY `CANDIDATE_ID` (`CANDIDATE_ID`),
  KEY `ELECTION_ID` (`ELECTION_ID`),
  CONSTRAINT `CANDIDATE_ELECTION_IBFK_1` FOREIGN KEY (`CANDIDATE_ID`) REFERENCES `USER` (`ID`),
  CONSTRAINT `CANDIDATE_ELECTION_IBFK_2` FOREIGN KEY (`ELECTION_ID`) REFERENCES `ELECTION` (`ID`)
) ENGINE=INNODB AUTO_INCREMENT=42 DEFAULT CHARSET=LATIN1;
/*!40101 SET CHARACTER_SET_CLIENT = @SAVED_CS_CLIENT */;

--
-- DUMPING DATA FOR TABLE `CANDIDATE_ELECTION`
--

LOCK TABLES `CANDIDATE_ELECTION` WRITE;
/*!40000 ALTER TABLE `CANDIDATE_ELECTION` DISABLE KEYS */;
INSERT INTO `CANDIDATE_ELECTION` VALUES (1,5,1),(2,6,1),(3,5,2),(4,7,2),(5,6,3),(6,7,3),(7,2,4),(8,2,5),(9,2,6),(22,3,27),(23,2,27),(24,1,27),(25,2,28),(26,2,29),(27,1,29),(28,3,30),(29,2,30),(30,1,30),(31,2,31),(32,1,31),(33,2,32),(34,1,32),(35,10,33),(36,2,33),(37,1,33),(38,3,33),(39,7,33),(40,5,33),(41,9,33);
/*!40000 ALTER TABLE `CANDIDATE_ELECTION` ENABLE KEYS */;
UNLOCK TABLES;

--
-- TABLE STRUCTURE FOR TABLE `COUNTER`
--

DROP TABLE IF EXISTS `COUNTER`;
/*!40101 SET @SAVED_CS_CLIENT     = @@CHARACTER_SET_CLIENT */;
/*!40101 SET CHARACTER_SET_CLIENT = UTF8 */;
CREATE TABLE `COUNTER` (
  `ID` BIGINT(20) NOT NULL AUTO_INCREMENT,
  `USERNAME` VARCHAR(45) NOT NULL,
  `PASSWORD` VARCHAR(64) NOT NULL,
  `SALT` VARCHAR(45) NOT NULL,
  `EMAIL` VARCHAR(45) NOT NULL,
  `IS_OTP` INT(2) NOT NULL DEFAULT '0',
  `LOGIN_ATTEMPTS` INT(8) NOT NULL DEFAULT '0',
  PRIMARY KEY (`ID`)
) ENGINE=INNODB AUTO_INCREMENT=3 DEFAULT CHARSET=LATIN1;
/*!40101 SET CHARACTER_SET_CLIENT = @SAVED_CS_CLIENT */;

--
-- DUMPING DATA FOR TABLE `COUNTER`
--

LOCK TABLES `COUNTER` WRITE;
/*!40000 ALTER TABLE `COUNTER` DISABLE KEYS */;
INSERT INTO `COUNTER` VALUES (1,'COUNTER','740CD7381F09E94E2BEE3F71F5F700C21FC5748F3B11A16F812561D0B40333A6','9D6AC273','JIPOOM@GMAIL.COM',0,0),(2,'COUNTER1','FF7120D49ACB353F7E87C2C36AF159F38257E7AD19317400ABBBBDBDF14AFB48','BD46BA3A','JIPOOM@GMAIL.COM',0,0);
/*!40000 ALTER TABLE `COUNTER` ENABLE KEYS */;
UNLOCK TABLES;

--
-- TABLE STRUCTURE FOR TABLE `ELECTION`
--

DROP TABLE IF EXISTS `ELECTION`;
/*!40101 SET @SAVED_CS_CLIENT     = @@CHARACTER_SET_CLIENT */;
/*!40101 SET CHARACTER_SET_CLIENT = UTF8 */;
CREATE TABLE `ELECTION` (
  `ID` BIGINT(20) NOT NULL AUTO_INCREMENT,
  `ELECTION_NAME` VARCHAR(50) NOT NULL,
  `START_DATE` DATETIME DEFAULT NULL,
  `END_DATE` DATETIME DEFAULT NULL,
  `WINNER` VARCHAR(20) DEFAULT NULL,
  PRIMARY KEY (`ID`)
) ENGINE=INNODB AUTO_INCREMENT=34 DEFAULT CHARSET=LATIN1;
/*!40101 SET CHARACTER_SET_CLIENT = @SAVED_CS_CLIENT */;

--
-- DUMPING DATA FOR TABLE `ELECTION`
--

LOCK TABLES `ELECTION` WRITE;
/*!40000 ALTER TABLE `ELECTION` DISABLE KEYS */;
INSERT INTO `ELECTION` VALUES (1,'CEO ELECTION','2013-11-01 00:00:00','2013-11-13 00:00:00',NULL),(2,'CTO ELECTION','2013-11-01 00:00:00','2013-11-13 00:00:00',NULL),(3,'CHIEF DIRECTOR ELECTION','2013-11-01 00:00:00','2013-11-13 00:00:00',NULL),(4,'TESTCREATEDB','2013-11-14 00:00:00','2013-11-14 00:00:00',NULL),(5,'','2013-11-23 00:00:00','2013-11-24 00:00:00',NULL),(6,'123','2013-11-23 00:00:00','2013-11-24 00:00:00',NULL),(27,'TEST YUNFAN BUG','2013-11-27 00:00:00','2013-11-27 00:00:00',NULL),(28,'TEST NEW','2013-11-27 00:00:00','2013-11-27 00:00:00',NULL),(29,'ASD','2013-11-27 00:00:00','2013-11-27 00:00:00',NULL),(30,'TEST BEFORE COMMIT','2013-11-27 00:00:00','2013-11-27 00:00:00',NULL),(31,'TEST AGAIN','2013-11-27 00:00:00','2013-11-28 00:00:00',NULL),(32,'TEET','2013-11-27 00:00:00','2013-11-27 00:00:00',NULL),(33,'TEST ELECTION CLONE','2013-11-27 00:00:00','2013-11-27 00:00:00',NULL);
/*!40000 ALTER TABLE `ELECTION` ENABLE KEYS */;
UNLOCK TABLES;

--
-- TABLE STRUCTURE FOR TABLE `ELECTION_EXTENDED_PERMISSION`
--

DROP TABLE IF EXISTS `ELECTION_EXTENDED_PERMISSION`;
/*!40101 SET @SAVED_CS_CLIENT     = @@CHARACTER_SET_CLIENT */;
/*!40101 SET CHARACTER_SET_CLIENT = UTF8 */;
CREATE TABLE `ELECTION_EXTENDED_PERMISSION` (
  `ELECTION_ID` INT(11) NOT NULL,
  `USER_ID` INT(11) NOT NULL,
  `IS_ALLOWED` INT(11) NOT NULL,
  PRIMARY KEY (`ELECTION_ID`,`USER_ID`,`IS_ALLOWED`)
) ENGINE=INNODB DEFAULT CHARSET=LATIN1;
/*!40101 SET CHARACTER_SET_CLIENT = @SAVED_CS_CLIENT */;

--
-- DUMPING DATA FOR TABLE `ELECTION_EXTENDED_PERMISSION`
--

LOCK TABLES `ELECTION_EXTENDED_PERMISSION` WRITE;
/*!40000 ALTER TABLE `ELECTION_EXTENDED_PERMISSION` DISABLE KEYS */;
INSERT INTO `ELECTION_EXTENDED_PERMISSION` VALUES (2,1,1),(2,2,1),(2,3,1),(3,2,1),(23,3,1),(23,11,0),(27,3,1),(27,10,0),(28,4,0),(28,10,1),(29,4,1),(30,1,1),(30,2,0),(30,3,1),(30,4,0),(30,11,0),(31,1,0),(31,2,0),(31,3,1),(32,1,0),(32,1,1),(32,2,0),(33,2,1),(33,3,0),(33,10,1);
/*!40000 ALTER TABLE `ELECTION_EXTENDED_PERMISSION` ENABLE KEYS */;
UNLOCK TABLES;

--
-- TABLE STRUCTURE FOR TABLE `ELECTION_TITLE`
--

DROP TABLE IF EXISTS `ELECTION_TITLE`;
/*!40101 SET @SAVED_CS_CLIENT     = @@CHARACTER_SET_CLIENT */;
/*!40101 SET CHARACTER_SET_CLIENT = UTF8 */;
CREATE TABLE `ELECTION_TITLE` (
  `ELECTION_ID` INT(11) NOT NULL,
  `TITLE_ID` INT(11) NOT NULL,
  PRIMARY KEY (`ELECTION_ID`,`TITLE_ID`)
) ENGINE=INNODB DEFAULT CHARSET=LATIN1;
/*!40101 SET CHARACTER_SET_CLIENT = @SAVED_CS_CLIENT */;

--
-- DUMPING DATA FOR TABLE `ELECTION_TITLE`
--

LOCK TABLES `ELECTION_TITLE` WRITE;
/*!40000 ALTER TABLE `ELECTION_TITLE` DISABLE KEYS */;
INSERT INTO `ELECTION_TITLE` VALUES (1,1),(23,3),(27,2),(28,3),(29,3),(30,1),(31,2),(32,1),(33,3);
/*!40000 ALTER TABLE `ELECTION_TITLE` ENABLE KEYS */;
UNLOCK TABLES;

--
-- TABLE STRUCTURE FOR TABLE `SUPERUSER`
--

DROP TABLE IF EXISTS `SUPERUSER`;
/*!40101 SET @SAVED_CS_CLIENT     = @@CHARACTER_SET_CLIENT */;
/*!40101 SET CHARACTER_SET_CLIENT = UTF8 */;
CREATE TABLE `SUPERUSER` (
  `ID` INT(11) NOT NULL AUTO_INCREMENT,
  `USERNAME` VARCHAR(45) NOT NULL,
  `PASSWORD` VARCHAR(64) NOT NULL,
  `SALT` VARCHAR(45) NOT NULL,
  `EMAIL` VARCHAR(45) NOT NULL,
  `IS_OTP` INT(2) NOT NULL DEFAULT '0',
  `LOGIN_ATTEMPTS` INT(8) NOT NULL DEFAULT '0',
  PRIMARY KEY (`ID`)
) ENGINE=INNODB AUTO_INCREMENT=2 DEFAULT CHARSET=LATIN1;
/*!40101 SET CHARACTER_SET_CLIENT = @SAVED_CS_CLIENT */;

--
-- DUMPING DATA FOR TABLE `SUPERUSER`
--

LOCK TABLES `SUPERUSER` WRITE;
/*!40000 ALTER TABLE `SUPERUSER` DISABLE KEYS */;
INSERT INTO `SUPERUSER` VALUES (1,'ROOT','CA1AB92411A80117F594B96E2F1C35198F6A1D6E9B172204C74568BE9FD964B2','582C1843','JIPOOM@GMAIL.COM',0,0);
/*!40000 ALTER TABLE `SUPERUSER` ENABLE KEYS */;
UNLOCK TABLES;

--
-- TABLE STRUCTURE FOR TABLE `SUPERVISOR`
--

DROP TABLE IF EXISTS `SUPERVISOR`;
/*!40101 SET @SAVED_CS_CLIENT     = @@CHARACTER_SET_CLIENT */;
/*!40101 SET CHARACTER_SET_CLIENT = UTF8 */;
CREATE TABLE `SUPERVISOR` (
  `ID` INT(11) NOT NULL,
  `USER_ID` INT(11) NOT NULL,
  PRIMARY KEY (`ID`),
  KEY `USER_ID` (`USER_ID`),
  CONSTRAINT `SUPERVISOR_IBFK_1` FOREIGN KEY (`USER_ID`) REFERENCES `USER` (`ID`)
) ENGINE=INNODB DEFAULT CHARSET=LATIN1;
/*!40101 SET CHARACTER_SET_CLIENT = @SAVED_CS_CLIENT */;

--
-- DUMPING DATA FOR TABLE `SUPERVISOR`
--

LOCK TABLES `SUPERVISOR` WRITE;
/*!40000 ALTER TABLE `SUPERVISOR` DISABLE KEYS */;
/*!40000 ALTER TABLE `SUPERVISOR` ENABLE KEYS */;
UNLOCK TABLES;

--
-- TABLE STRUCTURE FOR TABLE `TITLE`
--

DROP TABLE IF EXISTS `TITLE`;
/*!40101 SET @SAVED_CS_CLIENT     = @@CHARACTER_SET_CLIENT */;
/*!40101 SET CHARACTER_SET_CLIENT = UTF8 */;
CREATE TABLE `TITLE` (
  `ID` INT(11) NOT NULL AUTO_INCREMENT,
  `TITLE_NAME` VARCHAR(45) NOT NULL,
  `PERMISSION` INT(2) NOT NULL,
  PRIMARY KEY (`ID`)
) ENGINE=INNODB AUTO_INCREMENT=7 DEFAULT CHARSET=LATIN1;
/*!40101 SET CHARACTER_SET_CLIENT = @SAVED_CS_CLIENT */;

--
-- DUMPING DATA FOR TABLE `TITLE`
--

LOCK TABLES `TITLE` WRITE;
/*!40000 ALTER TABLE `TITLE` DISABLE KEYS */;
INSERT INTO `TITLE` VALUES (1,'MANAGER',7),(2,'DIRECTOR',5),(3,'ENGINEER',1),(4,'SENIOR ENGINEER',3),(5,'INTERN',0),(6,'COUNTER',0);
/*!40000 ALTER TABLE `TITLE` ENABLE KEYS */;
UNLOCK TABLES;

--
-- TABLE STRUCTURE FOR TABLE `USER`
--

DROP TABLE IF EXISTS `USER`;
/*!40101 SET @SAVED_CS_CLIENT     = @@CHARACTER_SET_CLIENT */;
/*!40101 SET CHARACTER_SET_CLIENT = UTF8 */;
CREATE TABLE `USER` (
  `ID` INT(11) NOT NULL AUTO_INCREMENT,
  `FIRST_NAME` VARCHAR(50) NOT NULL,
  `LAST_NAME` VARCHAR(50) NOT NULL,
  `TITLE_ID` INT(11) NOT NULL,
  `DOB` VARCHAR(64) NOT NULL,
  `PASSWORD` VARCHAR(64) NOT NULL,
  `USERNAME` VARCHAR(50) NOT NULL,
  `PUBLIC_KEY` VARCHAR(512) DEFAULT NULL,
  `SALT` VARCHAR(8) NOT NULL,
  `IS_OTP` INT(2) DEFAULT '0',
  `LOGIN_ATTEMPTS` INT(8) DEFAULT '0',
  `EMAIL` VARCHAR(50) DEFAULT NULL,
  PRIMARY KEY (`ID`)
) ENGINE=INNODB AUTO_INCREMENT=14 DEFAULT CHARSET=LATIN1;
/*!40101 SET CHARACTER_SET_CLIENT = @SAVED_CS_CLIENT */;

--
-- DUMPING DATA FOR TABLE `USER`
--

LOCK TABLES `USER` WRITE;
/*!40000 ALTER TABLE `USER` DISABLE KEYS */;
INSERT INTO `USER` VALUES (1,'YUNFAN','ZHANG',1,'8BDD64EBA00D4E0F8E07DDB1E6A8F16908A254B8C56EAC7C450BE384CC8B587C','52302FD4E83F8700C7C171A86FAB7771A94608EA39D0717F41EA0209E4B6E926','ZHANG','MIIBIJANBGKQHKIG9W0BAQEFAAOCAQ8AMIIBCGKCAQEAM5QQYDW2NXQPCLERHGATNHRAUJBSNTCB\R\NTCIOGCPOF+XEIEV4/OQQ0PS3JMK+GGONFPQ87UQXWYZWREJEB+L9TFD/QJK1/CYNAK0ZKKXLBVKJ\R\NHUW9P/TNLA42PUR5PMNLZWX3X4U+WROSUWWC7YKF+PQPRKPM036EF5MFVLND9QPVCBWNXEVVRE9F\R\NMXCWPA0CY/+XO6AI6FSX1AVPHDIZOSOGS81/JESGZCPWT0IZEPAK7BHOCY4TKYKIB/MP7U+HVNCI\R\NJY/MQZLXD67ZTE3/UCXDJCXKN+1VMAI4DLSPYI7V9M20HRC30C1M/UTKHSFKR3ARFGXFLZB6S/BU\R\NCKXS9WIDAQAB\R\N','1234',0,0,'JIPOOM@GMAIL.COM'),(2,'JIRAPAT','TEMVUTTIROJN',1,'3C45977094377A684BBCBA3794CBA6BA048B97F281DA54AEC27CCA6863B50F96','52302FD4E83F8700C7C171A86FAB7771A94608EA39D0717F41EA0209E4B6E926','POOM','MIIBIJANBGKQHKIG9W0BAQEFAAOCAQ8AMIIBCGKCAQEAHWHLATJBHYJQFTDH7QC7U4AC1ZUXA7QM\R\NNEJJPXXG5L8FGRRLLSWXH4PFV86APA9EGCFD5O0XRWPY/TYFYX55CRJBVSXOJMS2PU/RMNAVS/IF\R\NMNANWWU7VYSQG52SZSP7BPNS6G3TSMOVGOIPHJRLNUWWQRN1F00SMKXTG/+IDQGDKIXDVUAAPGZT\R\NY5IDT7GQ7LR1+AEF1F7C1MRNQCCHAYVELMUBLE43Z9X9AMZIER+GT5Z4FACJLRYHC7+F2UNYPESH\R\NUZH3ITV1WBTGETDAIESEAD1AIZVUAMQFI/2OCLMRA8XIDNZBWR825M/DVHNXJP7BE1FIMVH/U6AI\R\NSRLAKQIDAQAB\R\N','1234',0,0,'JIPOOM@GMAIL.COM'),(3,'ALEMBERHAN','GETAHUN',1,'C1C2D2AC12D24EA46EEDFAFEA0EB10B6012A2E56F0F2B06D121A46E92760C28A','52302FD4E83F8700C7C171A86FAB7771A94608EA39D0717F41EA0209E4B6E926','ALEM','MIIBIJANBGKQHKIG9W0BAQEFAAOCAQ8AMIIBCGKCAQEANQND5YDPZJYFUJ4JNNLDZRSQ2TZ88QAE\R\NHE6RKT3WMMTALGV2W7UIE7KNTPEW/5R72VMDYHNZ3DRQ97EFFV90XSIATGWDJNLTUCQWBURW4VKC\R\NCDL7DKO+YJM5DNCOG8TCKMP66D1ZPHYUTJOUOP94CCZGV5ZEBQUETPPTIDRQLGZ5UQXRJMTYZLSB\R\NWIZRMIOZA73I09FNFBGUZMTOXC03V1V6HUUCGROEI0BUZVEAF+AWI+RW0R5EE3/+TBV1M0NZVWEU\R\NOYZS70DUP2BH6BJDJV5F9ICU8YKLQWSUPE/W/ZKEM4TLUPJCO74P37G3QZAILIX403ZUM1OZPHO2\R\NM43/LWIDAQAB\R\N','1234',0,0,'JIPOOM@GMAIL.COM'),(4,'JOHN','ORDWAY',3,'70187D8AB21C68DB97962F728B750C0A5264BF36EF607A29A0CD0D0F672C8800','EF797C8118F02DFB649607DD5D3F8C7623048C9C063D532CC95C5ED7A898A64F','ORDWAY','MIIBIJANBGKQHKIG9W0BAQEFAAOCAQ8AMIIBCGKCAQEALSZLRXECIZCH63WS5BFNMB7A0M7Q9PC3\NJUKMINMQZJNCA7JDNWDLI75K60PZCCFSRFPS5LKQNZ3IGITEZYN7YJSG9CJJU46ZPC9NZM4IREJV\N/AZRUXGIUZBRREJLCDL90OETMBVMWL9SIS5Z/MNISGVV9A94YP7WBCKAQFVMQXRXACVZJXVGXBUS\NXFGEQOEW/BAGIJUSXR8N2TDB1ICPSQMBWJHNFG/1TGGGFOEQZQ8H4ZVNZPLCU/TIUJK7OHWITQDJ\NU23NYZXU1PLX1YIQER4JSYSY/E+A42OIL7NYMBMTNDPYGE1THX99HG+2BO5+TNLRD1RDI7XFIVKL\NWPL5VQIDAQAB\N','1234',0,0,'TEST@EMAIL.COM'),(5,'TOM','LEYKIS',4,'0EA9AC2B8855B5B4BABC0EBFA91E2C3F84450E5AD8C0E2A97E184608561EF876','EF797C8118F02DFB649607DD5D3F8C7623048C9C063D532CC95C5ED7A898A64F','TOM','MIIBIJANBGKQHKIG9W0BAQEFAAOCAQ8AMIIBCGKCAQEALADBXFCCLOB0HDPFDK8ASNTKSL00ZN99\R\NDXRFXXQZU7KVG9KCDN1RWGIT1UEEPLQJ7AAMFSGFPCNNGCKQDARQE03G8YPQY3IRJNXQLTN1RO5X\R\N7ONI/0S+UZMTUACDYA9Q1TPDIZ7/K06CG6ZP/ZEXAO72GFL4XWQHPVCOXXWYDKTGCR0SWDJZFOWK\R\NSH047VPUOE6YXI54EDPXTK9VIUGBQPSQEAVXHENGNZS4BJDKNKUMUBTUDXYIN/VK53RGH+O7EDEE\R\NEG8BQW0UW/JCUIC04ECW5RM9SC1P38RKDNGR6EO92LHDVJHMTLB84ZVMI/VIZK8UJ8ASBJNT6Q7T\R\NVLGBAQIDAQAB\R\N','1234',0,0,'TEST@EMAIL.COM'),(6,'LINUS','PAULING',5,'9A0867D8FCFAF0BE8BFC1E2247CEF4BAAAA0722A7CC24D2AE7D400B72131B260','EF797C8118F02DFB649607DD5D3F8C7623048C9C063D532CC95C5ED7A898A64F','PAULING','MIIBIJANBGKQHKIG9W0BAQEFAAOCAQ8AMIIBCGKCAQEAJCY8KWYKFJQJV4BBGGVHZTMOWJMSQTXJ\NTHPWWXQCIPMDIY96UOG3WOHK5J0UXVYGNAGZL8LC6KGMZ4CPXQLVETYZ4QB+7OZD9L3QCH3V62MS\NKP2K+OKK5MXB4P6ECST0ZKOPJVHZ/KU2I0C2JS9LPC4VYQJNR5NMWS2KBVNPXJCGK9+N4OPBP1NG\NJAZCQSYFQES7TLR+OLADC70YP9TWGQFOBOKMY8K1LRWIEJJRB26FABJQDF5UMUFDOP9QRNSDWRCG\NDYFD7UVZRUA+/G2DCRICVVRI9VKHQTCMP1FZL0SKZJCFYB3INEAU9UI6N0GM79AJJ5+ZGM54OS6I\NVBWYOWIDAQAB\N','1234',0,0,'TEST@EMAIL.COM'),(7,'HENRY','FORD',4,'9E0B38B2D6B1067084868FAC3F1749C18735CE918A277CC4A907D9347EBD9C6F','EF797C8118F02DFB649607DD5D3F8C7623048C9C063D532CC95C5ED7A898A64F','FORD','MIIBIJANBGKQHKIG9W0BAQEFAAOCAQ8AMIIBCGKCAQEATIBED9PEDV18SGLWQOWL3/NBLHA/AC6A\NKMHSXPA4TNOI74SCHFWQLZQAWDRBV06EX6ZXWCBN4PPWHTW2OYWDAMURHD8L4H0EMQA9A3RXWG1Z\NCPMOGCGJIQTYLFOHMNVN/T21EQMSHHLFX5FL+MFSD2EEZLXINZQVIXRFRIZFGSBJKY1BUFY7WNNC\N2A9COCROPNNVC0266BTYHOCDG6KRBGMGXBZORZ6AEHGY9MQRFAYEPQAWBRVE5LWKJ7B9C7CJXPJD\NN8YQXSK+XL9ZAYUDMQD7BSWCNZHVNADQJKK26SX99IGNQIQPYQIGBTVARQDBYW27BAO1SMBIW9AN\N71M/MQIDAQAB\N','1234',0,0,'TEST@EMAIL.COM'),(8,'TEST','TEST',6,'9E0B38B2D6B1067084868FAC3F1749C18735CE918A277CC4A907D9347EBD9C6F','EF797C8118F02DFB649607DD5D3F8C7623048C9C063D532CC95C5ED7A898A64F','TEST','MIIBIJANBGKQHKIG9W0BAQEFAAOCAQ8AMIIBCGKCAQEAJOKVZFLR34HWIEKTWWKYAKHBRTQ5IKT2\R\NNYZQLLFJWA4SEVYMFYLHAUQNDPPXVLH/RETWOWCX85LRCUPZ7WDPNDTABDT2YDNWEVAWOF3EZZBZ\R\N4AKZTVZQIR+3YWFZWGUXEYJGYCLPVKSCQAAX3SBKYEG/KG4CZNNHWNWZASCKMT59FNK5YNGZUGDI\R\N7UK9CGUXIJ+CBGSGT0R/X2TAVOKU4MEIE3DHL7LGYMEUNNAUWA/FZLCTJMKIUG/XGDOAWFEAAB7I\R\NYLCT+DFG1XUK9YZL2PJYAMDDVR6CT34HKKKIENH9I5QEJOFWPRIDKVRHC3RFEV+O97XCFRR3P6XJ\R\NL6YCBWIDAQAB\R\N','1234',0,0,'TEST@HOTMAIL.COM'),(9,'POM','POM',4,'88F725D0B6822D7896EC5A9FD41BDA5EDADEE21DF27BE4A8E6B692F07C8445AC','03B683271E0CECE5D86329CDF41955D979D2DD1FECBEBCAD8BA394BCB835C6C1','POM','MIIBIJANBGKQHKIG9W0BAQEFAAOCAQ8AMIIBCGKCAQEANNLXX9EPX6LIARBSEUYRNREO78GWWRFM\R\NFJT3EOIS+TBZ4JE+Y7FBBWBSCNBGU+XGBASAPKIMMLYAF8DVB83J3PKLHWG/TKEYOEDZ+V6XUKU2\R\NKUSSUOGI5J6CJH4CMPXDLKF70NDWEOTOU6PEUV79J4OLTSP3JGEOB63J1ZLJFN2LYVS2WFZLXIZ9\R\NQVBECO3WNFKOMW4YLQYBCNHPH/29HRXW+SKOMHXJOZZDQR37XLC/EPRIEJJBIQIJEY8TQCFGPPKK\R\NJUJ0YUK43TAT6EHRFNM70IHLE4AM53NYFMUKZNOGY2BWMQTPW7IMCGRUHFIPTICJZYZSCCBZPMDM\R\NVPYTVQIDAQAB\R\N','1234',1,0,'JIPOOM@GMAIL.COM'),(10,'POOMTEST','POOMTEST',2,'3C45977094377A684BBCBA3794CBA6BA048B97F281DA54AEC27CCA6863B50F96','F9FFBBDDEB6000B63BA259E21CCFB10D6DA914167672C44690CDC1A58461BAF2','POOMTEST','MIIBIJANBGKQHKIG9W0BAQEFAAOCAQ8AMIIBCGKCAQEAZFYDMNA+UHXOLOODGQBAGGBDQ9ID7P9X\R\NWJNFIEN3ZGJMAJS95VJ7VAU/J1WYU1UYCYPAHPDDPY1ZFLM8I0DPP7OFOF11/YE78HVZXOKQ+++P\R\NEF1MTZ5JE6IXFZPYDK63EJOR9RWTWQ4N+LWOM94NOOHAKVRJ7DPP0DVCUKQ6GAAN04RMT+1OSR5P\R\NS2IKRUABOVHYIYWM89VGV8R2/0SE6J90064WYVFT88AKD/LUPD0OH7RNSYL3867MZ6K/UBM/9PHR\R\NOR79EQIOEJY5XXCRVMG/3V2W8JMDLTPS9Q6R15RAZYHCL+V8KHKUO9WQTFYQERZ5AS2YGRE7N9YN\R\NMEWQAWIDAQAB\R\N','1234',1,0,'JIPOOM@GMAIL.COM'),(11,'CHARLE','LEE',3,'BD8B8A2E40976EC987E6EEB2A835F7137606B8809ED577D9E184E296A98C1C30','418B4C25F4F55506BDDEF4A065527051655DBF5BB9E1EA029C9BF80C8DD251FC','LEE','MIIBIJANBGKQHKIG9W0BAQEFAAOCAQ8AMIIBCGKCAQEAKNRCXGA5UAOYPCE02PTT4LKDIGSUX8JK\R\NLYWAX5K+EMKLTLZN+R2Q2YG60EL1XPX4WW4RMN4MMR5BMRTROIM1ELQO+MIV3TDSBBB21BX1SUDW\R\NTWWCI59ZAYQNYLHTN6LQPAW80JVMDN/ZO1F2O4SE0X9OPVV99IXBAZ6R5PQSETGUC9G3WETBEN+6\R\N4WWACLNUIWYYIVXN6M/AZEKC08AZZCMMO2M5LGEELME0E1EAAJJDQNB05YLWIYDHFSY21GAIQZEU\R\NNS8DVX0HXMPNA1XWAWC2QYLSYHNN/LQXORCJ/Q9PBJR8CI5SET/7BA0OHBAUJKLWS+2Z/8N0VFLD\R\NIMREEQIDAQAB\R\N','C715B547',1,0,'ZHANGYUNFAN@GWMAIL.GWU.EDU'),(12,'JI','JI',1,'88F725D0B6822D7896EC5A9FD41BDA5EDADEE21DF27BE4A8E6B692F07C8445AC','73C1D8DD160D8A6D11FC11F42A32161CB19C304E5530E887B72DDD54D3E39CD1','TESTAGAIN','MIIBIJANBGKQHKIG9W0BAQEFAAOCAQ8AMIIBCGKCAQEAJBTNOUDCBWHEWRL/VJT7WC8I4MTTACXG\R\NYYU99M85JSMXQDQ9WKSRU1QIIY+PD9KX8ZAE4GWOGDW8DR0USCAI/D5OSTY6TFDOJBZ32XQI6GHN\R\NHRUNRRKN31M9K54T6+9OWLF/PSCLDQHPWYO4QO30MVRYU5L8H27SO9RUI8WDTOS7HLBMAWEY6XW7\R\NQ3KOVY2MUZNGMHVXKKIXNLUZ/1+AAAQ4WFNHP8IRND6TUYS1USBVNELAHZVQWFR1ZBYHNGKAKQNW\R\NG/P14PFGFLVB14GVH/JVM3YDCY9WOIMIUA4GEG3OK87Q2UWPFBLGNPSQXIR+ZFG3CVVPOPRD5AVZ\R\NXIGRSWIDAQAB\R\N','51AD5A17',1,0,'JI_POOM@HOTMAIL.COM'),(13,'JIJI','JIJI',2,'B6E1B4FC9F04DB0B3D83485D469136816A884FD8446EC8D1433FE8D1C04FE530','D298ACF918C394D90728BAFFF40345E34A1645DC4513470EDCE7D20C4D02AE22','JIJI','MIIBIJANBGKQHKIG9W0BAQEFAAOCAQ8AMIIBCGKCAQEAKS3YSZGLMPB+F3+0BP+Z8TI8OAJT9JXT\R\NBHEOIWQQQLI5F04V12UPZWSCEOQNHWNJPCEY4LNIDLYUGCMJKBDGKMHIEKIOPXRRFZZW6WYZYFXT\R\NBRCS7S7B80SXCLHQOWVJBZ2MCZ3/A2B7GOHLZ8FOXKFMCSWRZWYSO9Q2VJTDTSWGYGLDABLWIXBU\R\NFJVB0W6IJ1YUEU3KY7YVZFX/LM2EELIE0UY5P8H5E9GKDEFD3NSDKV4IK2KFY69HBRNBZ6A7A2GL\R\NUSXKWTXCLNXPDEN2IRNRRODK/SNFZZFRHCPMVVMIVHIK4BRH2BRGQUWKWRNU70R9H8OUIKTETE3R\R\NLAYLXWIDAQAB\R\N','80947D92',1,0,'JI_POOM@HOTMAIL.COM');
/*!40000 ALTER TABLE `USER` ENABLE KEYS */;
UNLOCK TABLES;

--
-- TABLE STRUCTURE FOR TABLE `USER_ELECTION`
--

DROP TABLE IF EXISTS `USER_ELECTION`;
/*!40101 SET @SAVED_CS_CLIENT     = @@CHARACTER_SET_CLIENT */;
/*!40101 SET CHARACTER_SET_CLIENT = UTF8 */;
CREATE TABLE `USER_ELECTION` (
  `USER_ID` INT(11) NOT NULL,
  `ELECTION_ID` BIGINT(20) NOT NULL,
  PRIMARY KEY (`USER_ID`,`ELECTION_ID`),
  KEY `ELECTION_ID` (`ELECTION_ID`),
  CONSTRAINT `USER_ELECTION_IBFK_1` FOREIGN KEY (`USER_ID`) REFERENCES `USER` (`ID`),
  CONSTRAINT `USER_ELECTION_IBFK_2` FOREIGN KEY (`ELECTION_ID`) REFERENCES `ELECTION` (`ID`)
) ENGINE=INNODB DEFAULT CHARSET=LATIN1;
/*!40101 SET CHARACTER_SET_CLIENT = @SAVED_CS_CLIENT */;

--
-- DUMPING DATA FOR TABLE `USER_ELECTION`
--

LOCK TABLES `USER_ELECTION` WRITE;
/*!40000 ALTER TABLE `USER_ELECTION` DISABLE KEYS */;
INSERT INTO `USER_ELECTION` VALUES (2,1),(1,2),(2,2),(3,2),(2,3),(2,33);
/*!40000 ALTER TABLE `USER_ELECTION` ENABLE KEYS */;
UNLOCK TABLES;

--
-- TABLE STRUCTURE FOR TABLE `VOTER`
--

DROP TABLE IF EXISTS `VOTER`;
/*!40101 SET @SAVED_CS_CLIENT     = @@CHARACTER_SET_CLIENT */;
/*!40101 SET CHARACTER_SET_CLIENT = UTF8 */;
CREATE TABLE `VOTER` (
  `ID` INT(11) NOT NULL,
  `USER_ID` INT(11) NOT NULL,
  PRIMARY KEY (`ID`),
  KEY `USER_ID` (`USER_ID`),
  CONSTRAINT `VOTER_IBFK_1` FOREIGN KEY (`USER_ID`) REFERENCES `USER` (`ID`)
) ENGINE=INNODB DEFAULT CHARSET=LATIN1;
/*!40101 SET CHARACTER_SET_CLIENT = @SAVED_CS_CLIENT */;

--
-- DUMPING DATA FOR TABLE `VOTER`
--

LOCK TABLES `VOTER` WRITE;
/*!40000 ALTER TABLE `VOTER` DISABLE KEYS */;
/*!40000 ALTER TABLE `VOTER` ENABLE KEYS */;
UNLOCK TABLES;
/*!40103 SET TIME_ZONE=@OLD_TIME_ZONE */;

/*!40101 SET SQL_MODE=@OLD_SQL_MODE */;
/*!40014 SET FOREIGN_KEY_CHECKS=@OLD_FOREIGN_KEY_CHECKS */;
/*!40014 SET UNIQUE_CHECKS=@OLD_UNIQUE_CHECKS */;
/*!40101 SET CHARACTER_SET_CLIENT=@OLD_CHARACTER_SET_CLIENT */;
/*!40101 SET CHARACTER_SET_RESULTS=@OLD_CHARACTER_SET_RESULTS */;
/*!40101 SET COLLATION_CONNECTION=@OLD_COLLATION_CONNECTION */;
/*!40111 SET SQL_NOTES=@OLD_SQL_NOTES */;

-- DUMP COMPLETED ON 2013-11-28  2:46:51
