-- MySQL dump 10.13  Distrib 5.6.10, for Win64 (x86_64)
--
-- Host: localhost    Database: EVOTING
-- ------------------------------------------------------
-- Server version	5.6.10

/*!40101 SET @OLD_CHARACTER_SET_CLIENT=@@CHARACTER_SET_CLIENT */;
/*!40101 SET @OLD_CHARACTER_SET_RESULTS=@@CHARACTER_SET_RESULTS */;
/*!40101 SET @OLD_COLLATION_CONNECTION=@@COLLATION_CONNECTION */;
/*!40101 SET NAMES utf8 */;
/*!40103 SET @OLD_TIME_ZONE=@@TIME_ZONE */;
/*!40103 SET TIME_ZONE='+00:00' */;
/*!40014 SET @OLD_UNIQUE_CHECKS=@@UNIQUE_CHECKS, UNIQUE_CHECKS=0 */;
/*!40014 SET @OLD_FOREIGN_KEY_CHECKS=@@FOREIGN_KEY_CHECKS, FOREIGN_KEY_CHECKS=0 */;
/*!40101 SET @OLD_SQL_MODE=@@SQL_MODE, SQL_MODE='NO_AUTO_VALUE_ON_ZERO' */;
/*!40111 SET @OLD_SQL_NOTES=@@SQL_NOTES, SQL_NOTES=0 */;

--
-- Current Database: `EVOTING`
--

CREATE DATABASE /*!32312 IF NOT EXISTS*/ `EVOTING` /*!40100 DEFAULT CHARACTER SET latin1 */;

USE `EVOTING`;

--
-- Table structure for table `BALLOT`
--

DROP TABLE IF EXISTS `BALLOT`;
/*!40101 SET @saved_cs_client     = @@character_set_client */;
/*!40101 SET character_set_client = utf8 */;
CREATE TABLE `BALLOT` (
  `ID` bigint(20) NOT NULL AUTO_INCREMENT,
  `BALLOT` varchar(512) DEFAULT NULL,
  `BC_BALLOT` varchar(512) NOT NULL,
  `BC_BALLOT_KEY` varchar(512) DEFAULT NULL,
  `BC_BALLOT_IV` varchar(512) DEFAULT NULL,
  `ELECTION_ID` varchar(20) DEFAULT NULL,
  `COUNTER_ID` varchar(20) NOT NULL,
  `SUP_SIG` varchar(512) NOT NULL,
  PRIMARY KEY (`ID`)
) ENGINE=InnoDB AUTO_INCREMENT=4 DEFAULT CHARSET=latin1;
/*!40101 SET character_set_client = @saved_cs_client */;

--
-- Dumping data for table `BALLOT`
--

LOCK TABLES `BALLOT` WRITE;
/*!40000 ALTER TABLE `BALLOT` DISABLE KEYS */;
INSERT INTO `BALLOT` VALUES (1,NULL,'HfQFjeNgN7aQhslpZCoKCQ==\r\n',NULL,NULL,'4','poom',''),(2,'MSwxMjM0\r\n','a09OxLVIOSBJRqOClXKDIA==\r\n','1ck4a4Ht+g7IYCWvXJhQzQ==\r\n','1ck4a4Ht+g7IYCWvXJhQzQ==\r\n','4','poom',''),(3,'MSwxMjM0\r\n','a09OxLVIOSBJRqOClXKDIA==\r\n','1ck4a4Ht+g7IYCWvXJhQzQ==\r\n','1ck4a4Ht+g7IYCWvXJhQzQ==\r\n','3','poom','');
/*!40000 ALTER TABLE `BALLOT` ENABLE KEYS */;
UNLOCK TABLES;

--
-- Table structure for table `BLIND_BALLOT`
--

DROP TABLE IF EXISTS `BLIND_BALLOT`;
/*!40101 SET @saved_cs_client     = @@character_set_client */;
/*!40101 SET character_set_client = utf8 */;
CREATE TABLE `BLIND_BALLOT` (
  `ID` int(11) NOT NULL AUTO_INCREMENT,
  `BLIND_BALLOT` varchar(512) NOT NULL,
  `VOTER_SIG` varchar(512) NOT NULL,
  `USER_ID` int(11) NOT NULL,
  `ELECTION_ID` int(11) NOT NULL,
  `VOTED` int(2) NOT NULL DEFAULT '0',
  PRIMARY KEY (`ID`)
) ENGINE=InnoDB AUTO_INCREMENT=2 DEFAULT CHARSET=latin1;
/*!40101 SET character_set_client = @saved_cs_client */;

--
-- Dumping data for table `BLIND_BALLOT`
--

LOCK TABLES `BLIND_BALLOT` WRITE;
/*!40000 ALTER TABLE `BLIND_BALLOT` DISABLE KEYS */;
INSERT INTO `BLIND_BALLOT` VALUES (1,'UBiTrenGuJwUtYcr+moNZ4hUf1oAG8DTDSo3tV52LaCJMJ5xwXXp2PB0+B0tmgOjH2ti0ab8C6e7\r\noCIZW0Qx48Nvoen3Vl7RN9W8SJ0e10X40i0S7CXEJStFNqj4e0akX/ftlTZxyfaLDUKQHeabc8wi\r\nUZthgNX/ug3cJGMvZoMJhfKAjPoDpkJbhsamamos8MIP/3Tj7cFTdup/7VbpFGD6FW81FKY3mVMz\r\nrpp6e5P5ZErSsTnv967qN+7GBBimV0/hQqqGh0TOIVJ+TiobcTNu+6KudLL99Q4Q4+plx030SCx3\r\nFlh8Wr1uiafFGbSF8Peu3Hbn4mQbvDQiM+hASg==\r\n','uqV4xCzRlpwOWTHdtdqUbSapkX8ucddIR+CKIHurAmxzuNeUOFKQQTVfSHT0Gjxngg6sjRgumFeW\r\n2rvfxsXhFCihuJiIAVcoFqkp6o6ZMrP3DQ4AFWKVchx4ZRSiqOa8rwt1sa/HkSkjSoCixV/T3HDg\r\nFmePqIYanXdEM8ND4oEtkQSz8cEedpvplNd0UL68yFFuv4RHvqy2rnrdfkqGyRlzqyWLeYOhKFPO\r\n0kcGV8KzUFTJCSS6NB1gMufKPCmROGHOT8786HMREJmL0ol7rVVJVy3zPtw32K1k1lJC9tl/wsMr\r\nQ/Ae+082vfVSezR9C7mMXhE3Ue8FJW6V0nEzBQ==\r\n',2,4,1);
/*!40000 ALTER TABLE `BLIND_BALLOT` ENABLE KEYS */;
UNLOCK TABLES;

--
-- Table structure for table `CANDIDATE`
--

DROP TABLE IF EXISTS `CANDIDATE`;
/*!40101 SET @saved_cs_client     = @@character_set_client */;
/*!40101 SET character_set_client = utf8 */;
CREATE TABLE `CANDIDATE` (
  `ID` int(11) NOT NULL AUTO_INCREMENT,
  `USER_ID` int(11) NOT NULL,
  PRIMARY KEY (`ID`),
  KEY `USER_ID` (`USER_ID`),
  CONSTRAINT `CANDIDATE_ibfk_1` FOREIGN KEY (`USER_ID`) REFERENCES `USER` (`ID`)
) ENGINE=InnoDB AUTO_INCREMENT=4 DEFAULT CHARSET=latin1;
/*!40101 SET character_set_client = @saved_cs_client */;

--
-- Dumping data for table `CANDIDATE`
--

LOCK TABLES `CANDIDATE` WRITE;
/*!40000 ALTER TABLE `CANDIDATE` DISABLE KEYS */;
INSERT INTO `CANDIDATE` VALUES (1,5),(2,6),(3,7);
/*!40000 ALTER TABLE `CANDIDATE` ENABLE KEYS */;
UNLOCK TABLES;

--
-- Table structure for table `CANDIDATE_ELECTION`
--

DROP TABLE IF EXISTS `CANDIDATE_ELECTION`;
/*!40101 SET @saved_cs_client     = @@character_set_client */;
/*!40101 SET character_set_client = utf8 */;
CREATE TABLE `CANDIDATE_ELECTION` (
  `ID` int(11) NOT NULL AUTO_INCREMENT,
  `CANDIDATE_ID` int(11) NOT NULL,
  `ELECTION_ID` bigint(20) NOT NULL,
  PRIMARY KEY (`ID`),
  KEY `CANDIDATE_ID` (`CANDIDATE_ID`),
  KEY `ELECTION_ID` (`ELECTION_ID`),
  CONSTRAINT `CANDIDATE_ELECTION_ibfk_1` FOREIGN KEY (`CANDIDATE_ID`) REFERENCES `USER` (`ID`),
  CONSTRAINT `CANDIDATE_ELECTION_ibfk_2` FOREIGN KEY (`ELECTION_ID`) REFERENCES `ELECTION` (`ID`)
) ENGINE=InnoDB AUTO_INCREMENT=8 DEFAULT CHARSET=latin1;
/*!40101 SET character_set_client = @saved_cs_client */;

--
-- Dumping data for table `CANDIDATE_ELECTION`
--

LOCK TABLES `CANDIDATE_ELECTION` WRITE;
/*!40000 ALTER TABLE `CANDIDATE_ELECTION` DISABLE KEYS */;
INSERT INTO `CANDIDATE_ELECTION` VALUES (1,5,1),(2,6,1),(3,5,2),(4,7,2),(5,6,3),(6,7,3),(7,2,4);
/*!40000 ALTER TABLE `CANDIDATE_ELECTION` ENABLE KEYS */;
UNLOCK TABLES;

--
-- Table structure for table `COUNTER`
--

DROP TABLE IF EXISTS `COUNTER`;
/*!40101 SET @saved_cs_client     = @@character_set_client */;
/*!40101 SET character_set_client = utf8 */;
CREATE TABLE `COUNTER` (
  `ID` bigint(20) NOT NULL,
  `USER_ID` int(11) NOT NULL,
  PRIMARY KEY (`ID`),
  KEY `USER_ID` (`USER_ID`),
  CONSTRAINT `COUNTER_ibfk_1` FOREIGN KEY (`USER_ID`) REFERENCES `USER` (`ID`)
) ENGINE=InnoDB DEFAULT CHARSET=latin1;
/*!40101 SET character_set_client = @saved_cs_client */;

--
-- Dumping data for table `COUNTER`
--

LOCK TABLES `COUNTER` WRITE;
/*!40000 ALTER TABLE `COUNTER` DISABLE KEYS */;
/*!40000 ALTER TABLE `COUNTER` ENABLE KEYS */;
UNLOCK TABLES;

--
-- Table structure for table `ELECTION`
--

DROP TABLE IF EXISTS `ELECTION`;
/*!40101 SET @saved_cs_client     = @@character_set_client */;
/*!40101 SET character_set_client = utf8 */;
CREATE TABLE `ELECTION` (
  `ID` bigint(20) NOT NULL AUTO_INCREMENT,
  `ELECTION_NAME` varchar(50) NOT NULL,
  `START_DATE` datetime DEFAULT NULL,
  `END_DATE` datetime DEFAULT NULL,
  `WINNER` varchar(20) DEFAULT NULL,
  PRIMARY KEY (`ID`)
) ENGINE=InnoDB AUTO_INCREMENT=5 DEFAULT CHARSET=latin1;
/*!40101 SET character_set_client = @saved_cs_client */;

--
-- Dumping data for table `ELECTION`
--

LOCK TABLES `ELECTION` WRITE;
/*!40000 ALTER TABLE `ELECTION` DISABLE KEYS */;
INSERT INTO `ELECTION` VALUES (1,'CEO ELECTION','2013-11-01 00:00:00','2013-11-13 00:00:00',NULL),(2,'CTO ELECTION','2013-11-01 00:00:00','2013-11-13 00:00:00',NULL),(3,'CHIEF DIRECTOR ELECTION','2013-11-01 00:00:00','2013-11-13 00:00:00',NULL),(4,'TestCreateDB','2013-11-14 00:00:00','2013-11-14 00:00:00',NULL);
/*!40000 ALTER TABLE `ELECTION` ENABLE KEYS */;
UNLOCK TABLES;

--
-- Table structure for table `ELECTION_EXTENDED_PERMISSION`
--

DROP TABLE IF EXISTS `ELECTION_EXTENDED_PERMISSION`;
/*!40101 SET @saved_cs_client     = @@character_set_client */;
/*!40101 SET character_set_client = utf8 */;
CREATE TABLE `ELECTION_EXTENDED_PERMISSION` (
  `ELECTION_ID` int(11) NOT NULL,
  `USER_ID` int(11) NOT NULL,
  `IS_ALLOWED` int(11) NOT NULL,
  PRIMARY KEY (`ELECTION_ID`)
) ENGINE=InnoDB DEFAULT CHARSET=latin1;
/*!40101 SET character_set_client = @saved_cs_client */;

--
-- Dumping data for table `ELECTION_EXTENDED_PERMISSION`
--

LOCK TABLES `ELECTION_EXTENDED_PERMISSION` WRITE;
/*!40000 ALTER TABLE `ELECTION_EXTENDED_PERMISSION` DISABLE KEYS */;
INSERT INTO `ELECTION_EXTENDED_PERMISSION` VALUES (2,2,1),(3,2,1);
/*!40000 ALTER TABLE `ELECTION_EXTENDED_PERMISSION` ENABLE KEYS */;
UNLOCK TABLES;

--
-- Table structure for table `ELECTION_TITLE`
--

DROP TABLE IF EXISTS `ELECTION_TITLE`;
/*!40101 SET @saved_cs_client     = @@character_set_client */;
/*!40101 SET character_set_client = utf8 */;
CREATE TABLE `ELECTION_TITLE` (
  `ELECTION_ID` int(11) NOT NULL,
  `TITLE_ID` int(11) NOT NULL,
  PRIMARY KEY (`ELECTION_ID`,`TITLE_ID`)
) ENGINE=InnoDB DEFAULT CHARSET=latin1;
/*!40101 SET character_set_client = @saved_cs_client */;

--
-- Dumping data for table `ELECTION_TITLE`
--

LOCK TABLES `ELECTION_TITLE` WRITE;
/*!40000 ALTER TABLE `ELECTION_TITLE` DISABLE KEYS */;
INSERT INTO `ELECTION_TITLE` VALUES (1,1);
/*!40000 ALTER TABLE `ELECTION_TITLE` ENABLE KEYS */;
UNLOCK TABLES;

--
-- Table structure for table `SUPERVISOR`
--

DROP TABLE IF EXISTS `SUPERVISOR`;
/*!40101 SET @saved_cs_client     = @@character_set_client */;
/*!40101 SET character_set_client = utf8 */;
CREATE TABLE `SUPERVISOR` (
  `ID` int(11) NOT NULL,
  `USER_ID` int(11) NOT NULL,
  PRIMARY KEY (`ID`),
  KEY `USER_ID` (`USER_ID`),
  CONSTRAINT `SUPERVISOR_ibfk_1` FOREIGN KEY (`USER_ID`) REFERENCES `USER` (`ID`)
) ENGINE=InnoDB DEFAULT CHARSET=latin1;
/*!40101 SET character_set_client = @saved_cs_client */;

--
-- Dumping data for table `SUPERVISOR`
--

LOCK TABLES `SUPERVISOR` WRITE;
/*!40000 ALTER TABLE `SUPERVISOR` DISABLE KEYS */;
/*!40000 ALTER TABLE `SUPERVISOR` ENABLE KEYS */;
UNLOCK TABLES;

--
-- Table structure for table `TITLE`
--

DROP TABLE IF EXISTS `TITLE`;
/*!40101 SET @saved_cs_client     = @@character_set_client */;
/*!40101 SET character_set_client = utf8 */;
CREATE TABLE `TITLE` (
  `ID` int(11) NOT NULL AUTO_INCREMENT,
  `TITLE_NAME` varchar(45) NOT NULL,
  `PERMISSION` int(2) NOT NULL,
  PRIMARY KEY (`ID`)
) ENGINE=InnoDB AUTO_INCREMENT=7 DEFAULT CHARSET=latin1;
/*!40101 SET character_set_client = @saved_cs_client */;

--
-- Dumping data for table `TITLE`
--

LOCK TABLES `TITLE` WRITE;
/*!40000 ALTER TABLE `TITLE` DISABLE KEYS */;
INSERT INTO `TITLE` VALUES (1,'MANAGER',7),(2,'DIRECTOR',7),(3,'ENGINEER',3),(4,'SENIOR ENGINEER',3),(5,'INTERN',1),(6,'COUNTER',0);
/*!40000 ALTER TABLE `TITLE` ENABLE KEYS */;
UNLOCK TABLES;

--
-- Table structure for table `USER`
--

DROP TABLE IF EXISTS `USER`;
/*!40101 SET @saved_cs_client     = @@character_set_client */;
/*!40101 SET character_set_client = utf8 */;
CREATE TABLE `USER` (
  `ID` int(11) NOT NULL AUTO_INCREMENT,
  `FIRST_NAME` varchar(50) NOT NULL,
  `LAST_NAME` varchar(50) NOT NULL,
  `TITLE_ID` int(11) NOT NULL,
  `DOB` varchar(64) NOT NULL,
  `PASSWORD` varchar(64) NOT NULL,
  `USERNAME` varchar(50) NOT NULL,
  `PUBLIC_KEY` varchar(512) DEFAULT NULL,
  `SALT` varchar(8) NOT NULL,
  `IS_OTP` int(2) DEFAULT '0',
  `LOGIN_ATTEMPTS` int(8) DEFAULT '0',
  `EMAIL` varchar(50) DEFAULT NULL,
  PRIMARY KEY (`ID`)
) ENGINE=InnoDB AUTO_INCREMENT=11 DEFAULT CHARSET=latin1;
/*!40101 SET character_set_client = @saved_cs_client */;

--
-- Dumping data for table `USER`
--

LOCK TABLES `USER` WRITE;
/*!40000 ALTER TABLE `USER` DISABLE KEYS */;
INSERT INTO `USER` VALUES (1,'Yunfan','Zhang',1,'8bdd64eba00d4e0f8e07ddb1e6a8f16908a254b8c56eac7c450be384cc8b587c','9c60ed79f8f7f126f2ec73de556264c91ddf45fb7b687ecf7a7ac27a56d9d38b','zhang','MIIBIjANBgkqhkiG9w0BAQEFAAOCAQ8AMIIBCgKCAQEA3nA05mwCDlF6RhSHiD7Z6XeKoxzWEP9A\nEKE4pnS/tzvi1+nGJt1Lh+ZjFgasj/woscFFvAII2is0EnMGDxgnyakHIM53pGZsBFUsaNCJjXja\nxThNFFZy0PlIomCGI7c2tsJeGAW7Hy0mgpWRoj0kd+GG6WKu53uD4X77XK60UhQ8TzquREBvxkHe\nR0EKUFY/0bn93t9mGZT6vEZS047CbOa4jmJLnnfWNTCm1yAwWL7iG9x3RM1hccqlO61LBqyMeDvM\nXI7lZjbk7KTTRjoySi5bwJVEZ7cNnpD++qa4gXkwM1vGrCRpLBj0kF4dtl7qvpyIDNzJRhdvmIAO\n86D9BQIDAQAB\n','1234',0,0,'test@email.com'),(2,'Jirapat','Temvuttirojn',1,'3c45977094377a684bbcba3794cba6ba048b97f281da54aec27cca6863b50f96','ef797c8118f02dfb649607dd5d3f8c7623048c9c063d532cc95c5ed7a898a64f','poom','MIIBIjANBgkqhkiG9w0BAQEFAAOCAQ8AMIIBCgKCAQEA2EdjJTtfcnMwxvBxNBk8aNDGC9hNXRi3\r\nmq0x640RVZ0dYA5m34aNpEsa5aYgkcCTOfL9Xq5k+XNbsG8+eDAsfrEpdmA6mz345418KGn+CSjB\r\nX2zjtd9tAclAa+coanfHm+naIC2fM3ECa1e10tO/zcag02YdERfkhgwtH/SgU2zJ4KYrue6FgrDJ\r\nbjV6+h8SwMbyH4jZbJkr99401foHq4PNJ/51NyNK/cei/tKceaAjco3bommnwSqvEmSDf2cHYJAO\r\nnXLVPhjUVEOgcwa0ixqktCIawY2sCzKwlCtvyB95nbYFAAi0bXKkldpmjevXpRwEblmTkU1L4WvR\r\n5lBJbQIDAQAB\r\n','1234',0,0,'jipoom@gmail.com'),(3,'Alemberhan','Getahun',1,'c1c2d2ac12d24ea46eedfafea0eb10b6012a2e56f0f2b06d121a46e92760c28a','ef797c8118f02dfb649607dd5d3f8c7623048c9c063d532cc95c5ed7a898a64f','alem','MIIBIjANBgkqhkiG9w0BAQEFAAOCAQ8AMIIBCgKCAQEAqLIP2xwEQ6xqDvjvVz/AEf8srmRZi4yS\nRzIXmpWcvQLWrkKROo0vPVzOg8C3VHhuvGE0XbwSHHj5p00GnCbKJAkYXkQGeXWFQeKuoY3MGh1m\nh1Y3ftXQXhmz2ei6qXbbYzk+lsH0coMGMSJ5Xs+GZkg+MZgZsrcyVqcJH0turSemG1CqdOSdHPmi\n/WK2vfabWR2gC+PkTVdN9wiesDTddI/Dcsh+fdFrHeTkCU+rfbLnVzTdhMaWWV+MjakOqTG3+9X8\n8Qgpq4qe9TL6pkwyypgeqdDlSKIOOMwRiO45pqK0ShyIQ61B7cuEoycT8WhBIf+LjZ0f1+W7r5aT\nLUYJJQIDAQAB\n','1234',0,0,'test@email.com'),(4,'John','Ordway',3,'70187d8ab21c68db97962f728b750c0a5264bf36ef607a29a0cd0d0f672c8800','ef797c8118f02dfb649607dd5d3f8c7623048c9c063d532cc95c5ed7a898a64f','ordway','MIIBIjANBgkqhkiG9w0BAQEFAAOCAQ8AMIIBCgKCAQEAlSZlrXecizcH63WS5bFNmB7a0m7Q9pC3\nJukMiNmQZJnca7JdNWdLI75k60PzCCfsRFpS5lkqNz3igItEZyN7yJsG9cJJu46ZPc9nzM4ireJv\n/AZruxGiuZBRrEJlCdl90oETmbVMWl9sIS5z/mNiSgVv9a94Yp7WbCKaQfvMqXRXaCVzJxVgXbuS\nxfGeqoew/BaGijuSXr8N2TdB1ICPsqMBWjHNFg/1TGggFOEqZQ8H4zvnZpLcU/tIUJk7OhWITQdJ\nU23NyZxu1Plx1yiQEr4JSYsy/e+A42oil7NymBmTnDpyGE1THx99hG+2BO5+tNLrd1rDI7XFIvkL\nWPL5vQIDAQAB\n','1234',0,0,'test@email.com'),(5,'Tom','Leykis',4,'0ea9ac2b8855b5b4babc0ebfa91e2c3f84450e5ad8c0e2a97e184608561ef876','ef797c8118f02dfb649607dd5d3f8c7623048c9c063d532cc95c5ed7a898a64f','tom','MIIBIjANBgkqhkiG9w0BAQEFAAOCAQ8AMIIBCgKCAQEAlADbXFCclOb0HdpFDK8aSnTKSL00ZN99\r\ndxrfXxqzu7KvG9KCDn1RWgIt1UEePLQJ7aamFsgfpcnNGCkqDaRQe03G8YpQY3irJNXQLTn1ro5x\r\n7ONI/0S+UzMtUAcdya9q1tpDIZ7/K06cg6zP/ZeXAo72GFL4XwQHPvCoXXWYdKtGcR0swDJZFOWK\r\nsH047vpUOe6yxi54eDpXtK9ViugBQPSQeAVXhenGNZS4BJdKNkuMUbtudxyin/vK53RGh+o7EdeE\r\nEG8bqW0UW/JcUIC04ecW5Rm9sc1p38RkdnGr6eo92LhdvjhmTLB84ZvMI/vIzK8Uj8aSbjnT6q7T\r\nVLGBAQIDAQAB\r\n','1234',0,0,'test@email.com'),(6,'Linus','Pauling',5,'9a0867d8fcfaf0be8bfc1e2247cef4baaaa0722a7cc24d2ae7d400b72131b260','ef797c8118f02dfb649607dd5d3f8c7623048c9c063d532cc95c5ed7a898a64f','pauling','MIIBIjANBgkqhkiG9w0BAQEFAAOCAQ8AMIIBCgKCAQEAjcY8KWYkFjQJV4BBggvhzTMOwJmsQTXJ\nThpWWXqciPmdIy96UOG3WohK5j0uXVYgnAGzl8Lc6Kgmz4cPxQlveTYz4QB+7ozD9L3QcH3v62mS\nkP2K+oKk5Mxb4P6ECst0zKopjVHz/ku2I0C2JS9lPC4VYQJnR5nMWs2KBvnpxJCGK9+N4Opbp1nG\njAZcQSyfQeS7Tlr+OLAdc70YP9TWGQfObOKmY8k1lRWIEJjrb26fabJqdf5uMufDoP9qRnSdWrCg\nDyFd7uvzrUa+/g2dcrICVvRi9VKhqtcmp1FZl0skZJCfYB3INEAU9Ui6N0gm79Ajj5+zGM54os6I\nvbWYOwIDAQAB\n','1234',0,0,'test@email.com'),(7,'Henry','Ford',4,'9e0b38b2d6b1067084868fac3f1749c18735ce918a277cc4a907d9347ebd9c6f','ef797c8118f02dfb649607dd5d3f8c7623048c9c063d532cc95c5ed7a898a64f','ford','MIIBIjANBgkqhkiG9w0BAQEFAAOCAQ8AMIIBCgKCAQEAtIBEd9pEDv18SGLWQOWl3/nblHa/AC6a\nkmHsxpa4tNoi74SChFWqlzQaWdRbV06ex6ZxWCbn4PpWHtw2oYwDamurHd8L4h0eMQa9a3RXwG1z\ncPmoGCgJiqTyLfOhmnVn/t21eqmSHHLFX5Fl+mFsd2EEZlxINzQVIxRfRIZfgsbjKy1BUfy7wNnc\n2A9coCRoPnnvC0266btyHOCdG6KRBGmGXbZOrz6Aehgy9mqrFayePQAwbRvE5LWkj7b9C7CjXpjD\nN8yQXSk+xl9ZayUDmqd7BSwCnZhVnAdqjKK26Sx99IGnQiQPyqigbtvarqdBYw27BAO1SMbiW9An\n71M/mQIDAQAB\n','1234',0,0,'test@email.com'),(8,'Test','Test',6,'9e0b38b2d6b1067084868fac3f1749c18735ce918a277cc4a907d9347ebd9c6f','ef797c8118f02dfb649607dd5d3f8c7623048c9c063d532cc95c5ed7a898a64f','Test','MIIBIjANBgkqhkiG9w0BAQEFAAOCAQ8AMIIBCgKCAQEAlfGGZenKRFeaLUPpn4wKqdVbnllkbo+b\r\nh22GkOsmwxtPmQ13gLkZysJJrlRU3JOVmcH6kuRxoc7rw+bkGVXQ9fiaHK9FgdfVlMh/nSsgBi0m\r\n5PZ/Oyr6eDWsYpOw30tYteLRmVOBU3GiJQ8o7V4ZJbwK/DAYoyBWwgTd2Eie5OjvbcAOzoAbz0Eg\r\nnTdDKxGx0WfOK0NCcfgqiYqQ5trJEY0iCFQeZaYW03ahC0JANx0peOA4mLEqT97UCoYi4svoJr9s\r\ntuCDfx2ZffKMzRQtxKgGlFYqqhKalhQfQqjUUCixY6ECZFW9/S2+39InYSP1FQ+iJy3t26oGbnHw\r\nt6AhPQIDAQAB\r\n','1234',0,0,'test@hotmail.com'),(9,'pom','pom',4,'88f725d0b6822d7896ec5a9fd41bda5edadee21df27be4a8e6b692f07c8445ac','03b683271e0cece5d86329cdf41955d979d2dd1fecbebcad8ba394bcb835c6c1','pom','MIIBIjANBgkqhkiG9w0BAQEFAAOCAQ8AMIIBCgKCAQEAnnLxX9EpX6LIARBsEuyrNrEo78gwWrfM\r\nFJT3eoiS+tbz4Je+Y7fBbwbSCNBGu+xGbASApKimMlYaf8DvB83j3PklhwG/tkeyoedZ+v6Xuku2\r\nKUSSuoGI5j6CjH4CMPXDLKf70ndWEotou6pEuV79j4Oltsp3jGeOb63j1ZLJfn2lYVs2wfzLxiz9\r\nqVBEcO3WnFkomw4YLQyBcNHpH/29hrxW+skomhXjOzZDQR37xlc/EPRiEjjBIqiJeY8TqCfgPPkK\r\njUj0YUk43TAT6eHRFnm70Ihle4AM53nYFMukznogy2bwMqTPw7imcgruhfiPTiCJzYzsCcbZPmdM\r\nvPytVQIDAQAB\r\n','1234',1,0,'jipoom@gmail.com'),(10,'poomtest','poomtest',2,'3c45977094377a684bbcba3794cba6ba048b97f281da54aec27cca6863b50f96','f9ffbbddeb6000b63ba259e21ccfb10d6da914167672c44690cdc1a58461baf2','poomtest','MIIBIjANBgkqhkiG9w0BAQEFAAOCAQ8AMIIBCgKCAQEAzfyDMNa+UhXOLOoDGqBAGGbDq9Id7P9X\r\nWJNFIEn3ZgJmAJs95vj7VAu/J1wyu1UYcYPaHpdDPY1ZFlM8I0DPp7ofoF11/Ye78HvZXOKQ+++p\r\nEF1MtZ5Je6ixFZpYdk63ejor9RWtwq4n+lWom94NOOhAkVRJ7DpP0dvcUKQ6GaaN04rmT+1osR5P\r\nS2ikRUAboVHYIyWM89VGV8r2/0Se6J90064wYVfT88Akd/LuPD0Oh7Rnsyl3867mz6k/Ubm/9PhR\r\nOR79eQiOeJy5xXcRvMg/3V2W8JmDLtPs9q6r15RaZYhCl+V8KHKUO9WQtFYQErz5as2ygRe7n9yn\r\nmEWQAwIDAQAB\r\n','1234',1,0,'jipoom@gmail.com');
/*!40000 ALTER TABLE `USER` ENABLE KEYS */;
UNLOCK TABLES;

--
-- Table structure for table `USER_ELECTION`
--

DROP TABLE IF EXISTS `USER_ELECTION`;
/*!40101 SET @saved_cs_client     = @@character_set_client */;
/*!40101 SET character_set_client = utf8 */;
CREATE TABLE `USER_ELECTION` (
  `USER_ID` int(11) NOT NULL,
  `ELECTION_ID` bigint(20) NOT NULL,
  PRIMARY KEY (`USER_ID`,`ELECTION_ID`),
  KEY `ELECTION_ID` (`ELECTION_ID`),
  CONSTRAINT `USER_ELECTION_ibfk_1` FOREIGN KEY (`USER_ID`) REFERENCES `USER` (`ID`),
  CONSTRAINT `USER_ELECTION_ibfk_2` FOREIGN KEY (`ELECTION_ID`) REFERENCES `ELECTION` (`ID`)
) ENGINE=InnoDB DEFAULT CHARSET=latin1;
/*!40101 SET character_set_client = @saved_cs_client */;

--
-- Dumping data for table `USER_ELECTION`
--

LOCK TABLES `USER_ELECTION` WRITE;
/*!40000 ALTER TABLE `USER_ELECTION` DISABLE KEYS */;
INSERT INTO `USER_ELECTION` VALUES (1,1),(2,3),(4,3),(2,4);
/*!40000 ALTER TABLE `USER_ELECTION` ENABLE KEYS */;
UNLOCK TABLES;

--
-- Table structure for table `VOTER`
--

DROP TABLE IF EXISTS `VOTER`;
/*!40101 SET @saved_cs_client     = @@character_set_client */;
/*!40101 SET character_set_client = utf8 */;
CREATE TABLE `VOTER` (
  `ID` int(11) NOT NULL,
  `USER_ID` int(11) NOT NULL,
  PRIMARY KEY (`ID`),
  KEY `USER_ID` (`USER_ID`),
  CONSTRAINT `VOTER_ibfk_1` FOREIGN KEY (`USER_ID`) REFERENCES `USER` (`ID`)
) ENGINE=InnoDB DEFAULT CHARSET=latin1;
/*!40101 SET character_set_client = @saved_cs_client */;

--
-- Dumping data for table `VOTER`
--

LOCK TABLES `VOTER` WRITE;
/*!40000 ALTER TABLE `VOTER` DISABLE KEYS */;
/*!40000 ALTER TABLE `VOTER` ENABLE KEYS */;
UNLOCK TABLES;
/*!40103 SET TIME_ZONE=@OLD_TIME_ZONE */;

/*!40101 SET SQL_MODE=@OLD_SQL_MODE */;
/*!40014 SET FOREIGN_KEY_CHECKS=@OLD_FOREIGN_KEY_CHECKS */;
/*!40014 SET UNIQUE_CHECKS=@OLD_UNIQUE_CHECKS */;
/*!40101 SET CHARACTER_SET_CLIENT=@OLD_CHARACTER_SET_CLIENT */;
/*!40101 SET CHARACTER_SET_RESULTS=@OLD_CHARACTER_SET_RESULTS */;
/*!40101 SET COLLATION_CONNECTION=@OLD_COLLATION_CONNECTION */;
/*!40111 SET SQL_NOTES=@OLD_SQL_NOTES */;

-- Dump completed on 2013-11-21 10:33:58
